name,2013,2014,2015,2016,2017,2018,2019,2020,2021,2022
360 One Wam Ltd.,2013.0,2014.0,2015.0,2016.0,2017.0,2018.0,2019.0,2020,2021,2022
3M India Ltd.,2013.0,2014.0,2015.0,2016.0,2017.0,2018.0,2019.0,2020,2021,2022
A B B India Ltd.,2012.0,2013.0,2014.0,2015.0,2016.0,2017.0,2018.0,2019,2020,2021
A C C Ltd.,2012.0,2013.0,2014.0,2015.0,2016.0,2017.0,2018.0,2019,2020,2021
A I A Engineering Ltd.,2013.0,2014.0,2015.0,2016.0,2017.0,2018.0,2019.0,2020,2021,2022
A P L Apollo Tubes Ltd.,2013.0,2014.0,2015.0,2016.0,2017.0,2018.0,2019.0,2020,2021,2022
A U Small Finance Bank Ltd.,2013.0,2014.0,2015.0,2016.0,2017.0,2018.0,2019.0,2020,2021,2022
Aarti Drugs Ltd.,2013.0,2014.0,2015.0,2016.0,2017.0,2018.0,2019.0,2020,2021,2022
Aarti Industries Ltd.,2013.0,2014.0,2015.0,2016.0,2017.0,2018.0,2019.0,2020,2021,2022
Aavas Financiers Ltd.,2013.0,2014.0,2015.0,2016.0,2017.0,2018.0,2019.0,2020,2021,2022
Abbott India Ltd.,2012.0,2014.0,2015.0,2016.0,2017.0,2018.0,2019.0,2020,2021,2022
Adani Energy Solutions Ltd.,,2014.0,2015.0,2016.0,2017.0,2018.0,2019.0,2020,2021,2022
Adani Enterprises Ltd.,2013.0,2014.0,2015.0,2016.0,2017.0,2018.0,2019.0,2020,2021,2022
Adani Power Ltd.,2013.0,2014.0,2015.0,2016.0,2017.0,2018.0,2019.0,2020,2021,2022
Adani Total Gas Ltd.,2013.0,2014.0,2015.0,2016.0,2017.0,2018.0,2019.0,2020,2021,2022
Aditya Birla Capital Ltd.,2013.0,2014.0,2015.0,2016.0,2017.0,2018.0,2019.0,2020,2021,2022
Aditya Birla Fashion & Retail Ltd.,2013.0,2014.0,2015.0,2016.0,2017.0,2018.0,2019.0,2020,2021,2022
Aegis Logistics Ltd.,2013.0,2014.0,2015.0,2016.0,2017.0,2018.0,2019.0,2020,2021,2022
Affle (India) Ltd.,2013.0,2014.0,2015.0,2016.0,2017.0,2018.0,2019.0,2020,2021,2022
Ajanta Pharma Ltd.,2013.0,2014.0,2015.0,2016.0,2017.0,2018.0,2019.0,2020,2021,2022
Akzo Nobel India Ltd.,2013.0,2014.0,2015.0,2016.0,2017.0,2018.0,2019.0,2020,2021,2022
Alembic Pharmaceuticals Ltd.,2013.0,2014.0,2015.0,2016.0,2017.0,2018.0,2019.0,2020,2021,2022
Alkem Laboratories Ltd.,2013.0,2014.0,2015.0,2016.0,2017.0,2018.0,2019.0,2020,2021,2022
Alkyl Amines Chemicals Ltd.,2013.0,2014.0,2015.0,2016.0,2017.0,2018.0,2019.0,2020,2021,2022
Amara Raja Batteries Ltd.,2013.0,2014.0,2015.0,2016.0,2017.0,2018.0,2019.0,2020,2021,2022
Amber Enterprises India Ltd.,2013.0,2014.0,2015.0,2016.0,2017.0,2018.0,2019.0,2020,2021,2022
Ambuja Cements Ltd.,2012.0,2013.0,2014.0,2015.0,2016.0,2017.0,2018.0,2019,2020,2021
Angel One Ltd.,2013.0,2014.0,2015.0,2016.0,2017.0,2018.0,2019.0,2020,2021,2022
Anupam Rasayan India Ltd.,2013.0,2014.0,2015.0,2016.0,2017.0,2018.0,2019.0,2020,2021,2022
Apar Industries Ltd.,2013.0,2014.0,2015.0,2016.0,2017.0,2018.0,2019.0,2020,2021,2022
Apollo Hospitals Enterprise Ltd.,2013.0,2014.0,2015.0,2016.0,2017.0,2018.0,2019.0,2020,2021,2022
Apollo Tyres Ltd.,2013.0,2014.0,2015.0,2016.0,2017.0,2018.0,2019.0,2020,2021,2022
Asahi India Glass Ltd.,2013.0,2014.0,2015.0,2016.0,2017.0,2018.0,2019.0,2020,2021,2022
Ashok Leyland Ltd.,2013.0,2014.0,2015.0,2016.0,2017.0,2018.0,2019.0,2020,2021,2022
Asian Paints Ltd.,2013.0,2014.0,2015.0,2016.0,2017.0,2018.0,2019.0,2020,2021,2022
Aster D M Healthcare Ltd.,2013.0,2014.0,2015.0,2016.0,2017.0,2018.0,2019.0,2020,2021,2022
Astral Ltd.,2013.0,2014.0,2015.0,2016.0,2017.0,2018.0,2019.0,2020,2021,2022
Astrazeneca Pharma India Ltd.,2013.0,2014.0,2015.0,2016.0,2017.0,2018.0,2019.0,2020,2021,2022
Atul Ltd.,2013.0,2014.0,2015.0,2016.0,2017.0,2018.0,2019.0,2020,2021,2022
Aurobindo Pharma Ltd.,2013.0,2014.0,2015.0,2016.0,2017.0,2018.0,2019.0,2020,2021,2022
Avanti Feeds Ltd.,2013.0,2014.0,2015.0,2016.0,2017.0,2018.0,2019.0,2020,2021,2022
Avenue Supermarts Ltd.,2013.0,2014.0,2015.0,2016.0,2017.0,2018.0,2019.0,2020,2021,2022
Axis Bank Ltd.,2013.0,2014.0,2015.0,2016.0,2017.0,2018.0,2019.0,2020,2021,2022
Bajaj Auto Ltd.,2013.0,2014.0,2015.0,2016.0,2017.0,2018.0,2019.0,2020,2021,2022
Bajaj Electricals Ltd.,2013.0,2014.0,2015.0,2016.0,2017.0,2018.0,2019.0,2020,2021,2022
Bajaj Finance Ltd.,2013.0,2014.0,2015.0,2016.0,2017.0,2018.0,2019.0,2020,2021,2022
Bajaj Finserv Ltd.,2013.0,2014.0,2015.0,2016.0,2017.0,2018.0,2019.0,2020,2021,2022
Bajaj Holdings & Invst. Ltd.,2013.0,2014.0,2015.0,2016.0,2017.0,2018.0,2019.0,2020,2021,2022
Balaji Amines Ltd.,2013.0,2014.0,2015.0,2016.0,2017.0,2018.0,2019.0,2020,2021,2022
Balkrishna Industries Ltd.,2013.0,2014.0,2015.0,2016.0,2017.0,2018.0,2019.0,2020,2021,2022
Balrampur Chini Mills Ltd.,2013.0,2014.0,2015.0,2016.0,2017.0,2018.0,2019.0,2020,2021,2022
Bank Of Baroda,2013.0,2014.0,2015.0,2016.0,2017.0,2018.0,2019.0,2020,2021,2022
Bank Of India,2013.0,2014.0,2015.0,2016.0,2017.0,2018.0,2019.0,2020,2021,2022
Bank Of Maharashtra,2013.0,2014.0,2015.0,2016.0,2017.0,2018.0,2019.0,2020,2021,2022
Bata India Ltd.,2012.0,2013.0,2015.0,2016.0,2017.0,2018.0,2019.0,2020,2021,2022
Bayer Cropscience Ltd.,2013.0,2014.0,2015.0,2016.0,2017.0,2018.0,2019.0,2020,2021,2022
Berger Paints India Ltd.,2013.0,2014.0,2015.0,2016.0,2017.0,2018.0,2019.0,2020,2021,2022
Bharat Dynamics Ltd.,2013.0,2014.0,2015.0,2016.0,2017.0,2018.0,2019.0,2020,2021,2022
Bharat Electronics Ltd.,2013.0,2014.0,2015.0,2016.0,2017.0,2018.0,2019.0,2020,2021,2022
Bharat Forge Ltd.,2013.0,2014.0,2015.0,2016.0,2017.0,2018.0,2019.0,2020,2021,2022
Bharat Petroleum Corpn. Ltd.,2013.0,2014.0,2015.0,2016.0,2017.0,2018.0,2019.0,2020,2021,2022
Bharti Airtel Ltd.,2013.0,2014.0,2015.0,2016.0,2017.0,2018.0,2019.0,2020,2021,2022
Birlasoft Ltd.,2013.0,2014.0,2015.0,2016.0,2017.0,2018.0,2019.0,2020,2021,2022
Blue Dart Express Ltd.,2013.0,2014.0,2015.0,2016.0,2017.0,2018.0,2019.0,2020,2021,2022
Blue Star Ltd.,2013.0,2014.0,2015.0,2016.0,2017.0,2018.0,2019.0,2020,2021,2022
Bombay Burmah Trdg. Corpn. Ltd.,2013.0,2014.0,2015.0,2016.0,2017.0,2018.0,2019.0,2020,2021,2022
Borosil Renewables Ltd.,2013.0,2014.0,2015.0,2016.0,2017.0,2018.0,2019.0,2020,2021,2022
Bosch Ltd.,2012.0,2013.0,2015.0,2016.0,2017.0,2018.0,2019.0,2020,2021,2022
Brigade Enterprises Ltd.,2013.0,2014.0,2015.0,2016.0,2017.0,2018.0,2019.0,2020,2021,2022
Britannia Industries Ltd.,2013.0,2014.0,2015.0,2016.0,2017.0,2018.0,2019.0,2020,2021,2022
C C L Products (India) Ltd.,2013.0,2014.0,2015.0,2016.0,2017.0,2018.0,2019.0,2020,2021,2022
C E S C Ltd.,2013.0,2014.0,2015.0,2016.0,2017.0,2018.0,2019.0,2020,2021,2022
C G Power & Indl. Solutions Ltd.,2013.0,2014.0,2015.0,2016.0,2017.0,2018.0,2019.0,2020,2021,2022
C I E Automotive India Ltd.,2013.0,2014.0,2015.0,2015.0,2016.0,2017.0,2018.0,2019,2020,2021
C S B Bank Ltd.,2013.0,2014.0,2015.0,2016.0,2017.0,2018.0,2019.0,2020,2021,2022
Can Fin Homes Ltd.,2013.0,2014.0,2015.0,2016.0,2017.0,2018.0,2019.0,2020,2021,2022
Canara Bank,2013.0,2014.0,2015.0,2016.0,2017.0,2018.0,2019.0,2020,2021,2022
Caplin Point Laboratories Ltd.,2013.0,2014.0,2015.0,2016.0,2017.0,2018.0,2019.0,2020,2021,2022
Capri Global Capital Ltd.,2013.0,2014.0,2015.0,2016.0,2017.0,2018.0,2019.0,2020,2021,2022
Carborundum Universal Ltd.,2013.0,2014.0,2015.0,2016.0,2017.0,2018.0,2019.0,2020,2021,2022
Castrol India Ltd.,2012.0,2013.0,2014.0,2015.0,2016.0,2017.0,2018.0,2019,2020,2021
Ceat Ltd.,2013.0,2014.0,2015.0,2016.0,2017.0,2018.0,2019.0,2020,2021,2022
Central Bank Of India Ltd.,2013.0,2014.0,2015.0,2016.0,2017.0,2018.0,2019.0,2020,2021,2022
Century Plyboards (India) Ltd.,2013.0,2014.0,2015.0,2016.0,2017.0,2018.0,2019.0,2020,2021,2022
Century Textiles & Inds. Ltd.,2013.0,2014.0,2015.0,2016.0,2017.0,2018.0,2019.0,2020,2021,2022
Cera Sanitaryware Ltd.,2013.0,2014.0,2015.0,2016.0,2017.0,2018.0,2019.0,2020,2021,2022
Chalet Hotels Ltd.,2013.0,2014.0,2015.0,2016.0,2017.0,2018.0,2019.0,2020,2021,2022
Chambal Fertilisers & Chemicals Ltd.,2013.0,2014.0,2015.0,2016.0,2017.0,2018.0,2019.0,2020,2021,2022
Chemplast Sanmar Ltd.,2013.0,2014.0,2015.0,2016.0,2017.0,2018.0,2019.0,2020,2021,2022
Cholamandalam Financial Holdings Ltd.,2013.0,2014.0,2015.0,2016.0,2017.0,2018.0,2019.0,2020,2021,2022
Cholamandalam Investment & Finance Co. Ltd.,2013.0,2014.0,2015.0,2016.0,2017.0,2018.0,2019.0,2020,2021,2022
Cipla Ltd.,2013.0,2014.0,2015.0,2016.0,2017.0,2018.0,2019.0,2020,2021,2022
City Union Bank Ltd.,2013.0,2014.0,2015.0,2016.0,2017.0,2018.0,2019.0,2020,2021,2022
Coal India Ltd.,2013.0,2014.0,2015.0,2016.0,2017.0,2018.0,2019.0,2020,2021,2022
Cochin Shipyard Ltd.,2013.0,2014.0,2015.0,2016.0,2017.0,2018.0,2019.0,2020,2021,2022
Coforge Ltd.,2013.0,2014.0,2015.0,2016.0,2017.0,2018.0,2019.0,2020,2021,2022
Colgate-Palmolive (India) Ltd.,2013.0,2014.0,2015.0,2016.0,2017.0,2018.0,2019.0,2020,2021,2022
Computer Age Mgmt. Services Ltd.,2013.0,2014.0,2015.0,2016.0,2017.0,2018.0,2019.0,2020,2021,2022
Container Corpn. Of India Ltd.,2013.0,2014.0,2015.0,2016.0,2017.0,2018.0,2019.0,2020,2021,2022
Coromandel International Ltd.,2013.0,2014.0,2015.0,2016.0,2017.0,2018.0,2019.0,2020,2021,2022
Creditaccess Grameen Ltd.,2013.0,2014.0,2015.0,2016.0,2017.0,2018.0,2019.0,2020,2021,2022
Crisil Ltd.,2012.0,2013.0,2014.0,2015.0,2016.0,2017.0,2018.0,2019,2020,2021
Crompton Greaves Consumer Electricals Ltd.,,,2015.0,2016.0,2017.0,2018.0,2019.0,2020,2021,2022
Cummins India Ltd.,2013.0,2014.0,2015.0,2016.0,2017.0,2018.0,2019.0,2020,2021,2022
Cupid Ltd.,2013.0,2014.0,2015.0,2016.0,2017.0,2018.0,2019.0,2020,2021,2022
Cybertech Systems & Software Ltd.,2013.0,2014.0,2015.0,2016.0,2017.0,2018.0,2019.0,2020,2021,2022
Cyient Ltd.,2013.0,2014.0,2015.0,2016.0,2017.0,2018.0,2019.0,2020,2021,2022
D B Realty Ltd.,2013.0,2014.0,2015.0,2016.0,2017.0,2018.0,2019.0,2020,2021,2022
D C M Shriram Ltd.,2013.0,2014.0,2015.0,2016.0,2017.0,2018.0,2019.0,2020,2021,2022
D L F Ltd.,2013.0,2014.0,2015.0,2016.0,2017.0,2018.0,2019.0,2020,2021,2022
D-Link (India) Ltd.,2013.0,2014.0,2015.0,2016.0,2017.0,2018.0,2019.0,2020,2021,2022
Dabur India Ltd.,2013.0,2014.0,2015.0,2016.0,2017.0,2018.0,2019.0,2020,2021,2022
Dalmia Bharat Ltd.,,2014.0,2015.0,2016.0,2017.0,2018.0,2019.0,2020,2021,2022
Datamatics Global Services Ltd.,2013.0,2014.0,2015.0,2016.0,2017.0,2018.0,2019.0,2020,2021,2022
De Nora India Ltd.,2012.0,2013.0,2014.0,2016.0,2017.0,2018.0,2019.0,2020,2021,2022
Deccan Cements Ltd.,2013.0,2014.0,2015.0,2016.0,2017.0,2018.0,2019.0,2020,2021,2022
Deepak Fertilisers & Petrochemicals Corpn. Ltd.,2013.0,2014.0,2015.0,2016.0,2017.0,2018.0,2019.0,2020,2021,2022
Deepak Nitrite Ltd.,2013.0,2014.0,2015.0,2016.0,2017.0,2018.0,2019.0,2020,2021,2022
Delta Corp Ltd.,2013.0,2014.0,2015.0,2016.0,2017.0,2018.0,2019.0,2020,2021,2022
Den Networks Ltd.,2013.0,2014.0,2015.0,2016.0,2017.0,2018.0,2019.0,2020,2021,2022
Dev Information Technology Ltd.,2013.0,2014.0,2015.0,2016.0,2017.0,2018.0,2019.0,2020,2021,2022
Dhampur Sugar Mills Ltd.,2013.0,2014.0,2015.0,2016.0,2017.0,2018.0,2019.0,2020,2021,2022
Dhanlaxmi Bank Ltd.,2013.0,2014.0,2015.0,2016.0,2017.0,2018.0,2019.0,2020,2021,2022
Dhanuka Agritech Ltd.,2013.0,2014.0,2015.0,2016.0,2017.0,2018.0,2019.0,2020,2021,2022
Dhunseri Investments Ltd.,2013.0,2014.0,2015.0,2016.0,2017.0,2018.0,2019.0,2020,2021,2022
Dhunseri Ventures Ltd.,2013.0,2014.0,2015.0,2016.0,2017.0,2018.0,2019.0,2020,2021,2022
Divi'S Laboratories Ltd.,2013.0,2014.0,2015.0,2016.0,2017.0,2018.0,2019.0,2020,2021,2022
Dixon Technologies (India) Ltd.,2013.0,2014.0,2015.0,2016.0,2017.0,2018.0,2019.0,2020,2021,2022
Dollar Industries Ltd.,2013.0,2014.0,2015.0,2016.0,2017.0,2018.0,2019.0,2020,2021,2022
Donear Industries Ltd.,2013.0,2014.0,2015.0,2016.0,2017.0,2018.0,2019.0,2020,2021,2022
Dr. Lal Pathlabs Ltd.,,,2015.0,2016.0,2017.0,2018.0,2019.0,2020,2021,2022
Dr. Reddy'S Laboratories Ltd.,2013.0,2014.0,2015.0,2016.0,2017.0,2018.0,2019.0,2020,2021,2022
Ducon Infratechnologies Ltd.,2013.0,2014.0,2015.0,2016.0,2017.0,2018.0,2019.0,2020,2021,2022
Dynacons Systems & Solutions Ltd.,2013.0,2014.0,2015.0,2016.0,2017.0,2018.0,2019.0,2020,2021,2022
Dynamatic Technologies Ltd.,2013.0,2014.0,2015.0,2016.0,2017.0,2018.0,2019.0,2020,2021,2022
E I D-Parry (India) Ltd.,2013.0,2014.0,2015.0,2016.0,2017.0,2018.0,2019.0,2020,2021,2022
E I H Ltd.,2013.0,2014.0,2015.0,2016.0,2017.0,2018.0,2019.0,2020,2021,2022
E P L Ltd.,2013.0,2014.0,2015.0,2016.0,2017.0,2018.0,2019.0,2020,2021,2022
Easy Trip Planners Ltd.,2013.0,,,2016.0,2017.0,2018.0,2019.0,2020,2021,2022
Eclerx Services Ltd.,2013.0,2014.0,2015.0,2016.0,2017.0,2018.0,2019.0,2020,2021,2022
Edelweiss Financial Services Ltd.,2013.0,2014.0,2015.0,2016.0,2017.0,2018.0,2019.0,2020,2021,2022
Eicher Motors Ltd.,2012.0,2013.0,2014.0,2016.0,2017.0,2018.0,2019.0,2020,2021,2022
Eimco Elecon (India) Ltd.,2013.0,2014.0,2015.0,2016.0,2017.0,2018.0,2019.0,2020,2021,2022
Electrosteel Castings Ltd.,2013.0,2014.0,2015.0,2016.0,2017.0,2018.0,2019.0,2020,2021,2022
Elgi Equipments Ltd.,2013.0,2014.0,2015.0,2016.0,2017.0,2018.0,2019.0,2020,2021,2022
Emami Ltd.,2013.0,2014.0,2015.0,2016.0,2017.0,2018.0,2019.0,2020,2021,2022
Emami Paper Mills Ltd.,2013.0,2014.0,2015.0,2016.0,2017.0,2018.0,2019.0,2020,2021,2022
Emkay Global Financial Services Ltd.,2013.0,2014.0,2015.0,2016.0,2017.0,2018.0,2019.0,2020,2021,2022
Emkay Taps & Cutting Tools Ltd.,,2014.0,2015.0,2016.0,2017.0,2018.0,2019.0,2020,2021,2022
Emmbi Industries Ltd.,2013.0,2014.0,2015.0,2016.0,2017.0,2018.0,2019.0,2020,2021,2022
Endurance Technologies Ltd.,2013.0,2014.0,2015.0,2016.0,2017.0,2018.0,2019.0,2020,2021,2022
Equitas Small Finance Bank Ltd.,2013.0,2014.0,2015.0,2016.0,2017.0,2018.0,2019.0,2020,2021,2022
Eris Lifesciences Ltd.,2013.0,2014.0,2015.0,2016.0,2017.0,2018.0,2019.0,2020,2021,2022
Esab India Ltd.,2012.0,2013.0,2015.0,2016.0,2017.0,2018.0,2019.0,2020,2021,2022
Escorts Kubota Ltd.,2014.0,2014.0,2015.0,2016.0,2017.0,2018.0,2019.0,2020,2021,2022
Ester Industries Ltd.,2013.0,2014.0,2015.0,2016.0,2017.0,2018.0,2019.0,2020,2021,2022
Excel Industries Ltd.,2013.0,2014.0,2015.0,2016.0,2017.0,2018.0,2019.0,2020,2021,2022
Exide Industries Ltd.,2013.0,2014.0,2015.0,2016.0,2017.0,2018.0,2019.0,2020,2021,2022
Expleo Solutions Ltd.,2013.0,2014.0,2015.0,2016.0,2017.0,2018.0,2019.0,2020,2021,2022
F D C Ltd.,2013.0,2014.0,2015.0,2016.0,2017.0,2018.0,2019.0,2020,2021,2022
Federal Bank Ltd.,2013.0,2014.0,2015.0,2016.0,2017.0,2018.0,2019.0,2020,2021,2022
Federal-Mogul Goetze (India) Ltd.,2012.0,2013.0,2015.0,2016.0,2017.0,2018.0,2019.0,2020,2021,2022
Fiem Industries Ltd.,2013.0,2014.0,2015.0,2016.0,2017.0,2018.0,2019.0,2020,2021,2022
Filatex India Ltd.,2013.0,2014.0,2015.0,2016.0,2017.0,2018.0,2019.0,2020,2021,2022
Fine Organic Inds. Ltd.,,2014.0,2015.0,2016.0,2017.0,2018.0,2019.0,2020,2021,2022
Fineotex Chemical Ltd.,2013.0,2014.0,2015.0,2016.0,2017.0,2018.0,2019.0,2020,2021,2022
Finolex Cables Ltd.,2013.0,2014.0,2015.0,2016.0,2017.0,2018.0,2019.0,2020,2021,2022
Finolex Industries Ltd.,2013.0,2014.0,2015.0,2016.0,2017.0,2018.0,2019.0,2020,2021,2022
Firstsource Solutions Ltd.,2013.0,2014.0,2015.0,2016.0,2017.0,2018.0,2019.0,2020,2021,2022
Fortis Healthcare Ltd.,2013.0,2014.0,2015.0,2016.0,2017.0,2018.0,2019.0,2020,2021,2022
Foseco India Ltd.,2012.0,2013.0,2014.0,2015.0,2016.0,2017.0,2018.0,2019,2020,2021
G A I L (India) Ltd.,2013.0,2014.0,2015.0,2016.0,2017.0,2018.0,2019.0,2020,2021,2022
G M M Pfaudler Ltd.,2013.0,2014.0,2015.0,2016.0,2017.0,2018.0,2019.0,2020,2021,2022
Gabriel India Ltd.,2013.0,2014.0,2015.0,2016.0,2017.0,2018.0,2019.0,2020,2021,2022
Galaxy Surfactants Ltd.,2013.0,2014.0,2015.0,2016.0,2017.0,2018.0,2019.0,2020,2021,2022
Gallantt Ispat Ltd.,2013.0,2014.0,2015.0,2016.0,2017.0,2018.0,2019.0,2020,2021,2022
Gandhi Special Tubes Ltd.,2013.0,2014.0,2015.0,2016.0,2017.0,2018.0,2019.0,2020,2021,2022
Ganesha Ecosphere Ltd.,2013.0,2014.0,2015.0,2016.0,2017.0,2018.0,2019.0,2020,2021,2022
Garden Reach Shipbuilders & Engineers Ltd.,2013.0,2014.0,2015.0,2016.0,2017.0,2018.0,2019.0,2020,2021,2022
Garware Technical Fibres Ltd.,2013.0,2014.0,2015.0,2016.0,2017.0,2018.0,2019.0,2020,2021,2022
Gati Ltd.,2013.0,2014.0,2015.0,2016.0,2017.0,2018.0,2019.0,2020,2021,2022
Geekay Wires Ltd.,2013.0,2014.0,2015.0,2016.0,2017.0,2018.0,2019.0,2020,2021,2022
Genus Power Infrastructures Ltd.,2013.0,2014.0,2015.0,2016.0,2017.0,2018.0,2019.0,2020,2021,2022
Gillette India Ltd.,2013.0,2014.0,2015.0,2016.0,2017.0,2018.0,2019.0,2020,2021,2022
Gland Pharma Ltd.,2013.0,2014.0,2015.0,2016.0,2017.0,2018.0,2019.0,2020,2021,2022
Glaxosmithkline Pharmaceuticals Ltd.,2012.0,2013.0,2015.0,2016.0,2017.0,2018.0,2019.0,2020,2021,2022
Glenmark Pharmaceuticals Ltd.,2013.0,2014.0,2015.0,2016.0,2017.0,2018.0,2019.0,2020,2021,2022
Globe International Carriers Ltd.,2013.0,2014.0,2015.0,2016.0,2017.0,2018.0,2019.0,2020,2021,2022
Globus Spirits Ltd.,2013.0,2014.0,2015.0,2016.0,2017.0,2018.0,2019.0,2020,2021,2022
Godfrey Phillips India Ltd.,2013.0,2014.0,2015.0,2016.0,2017.0,2018.0,2019.0,2020,2021,2022
Godrej Agrovet Ltd.,2013.0,2014.0,2015.0,2016.0,2017.0,2018.0,2019.0,2020,2021,2022
Godrej Consumer Products Ltd.,2013.0,2014.0,2015.0,2016.0,2017.0,2018.0,2019.0,2020,2021,2022
Godrej Industries Ltd.,2013.0,2014.0,2015.0,2016.0,2017.0,2018.0,2019.0,2020,2021,2022
Gokaldas Exports Ltd.,2013.0,2014.0,2015.0,2016.0,2017.0,2018.0,2019.0,2020,2021,2022
Goldiam International Ltd.,2013.0,2014.0,2015.0,2016.0,2017.0,2018.0,2019.0,2020,2021,2022
Granules India Ltd.,2013.0,2014.0,2015.0,2016.0,2017.0,2018.0,2019.0,2020,2021,2022
Graphite India Ltd.,2013.0,2014.0,2015.0,2016.0,2017.0,2018.0,2019.0,2020,2021,2022
Grasim Industries Ltd.,2013.0,2014.0,2015.0,2016.0,2017.0,2018.0,2019.0,2020,2021,2022
Gravita India Ltd.,2013.0,2014.0,2015.0,2016.0,2017.0,2018.0,2019.0,2020,2021,2022
Great Eastern Shipping Co. Ltd.,2013.0,2014.0,2015.0,2016.0,2017.0,2018.0,2019.0,2020,2021,2022
Greaves Cotton Ltd.,2013.0,2014.0,2015.0,2016.0,2017.0,2018.0,2019.0,2020,2021,2022
Greenpanel Industries Ltd.,,,,,,2018.0,2019.0,2020,2021,2022
Greenply Industries Ltd.,2013.0,2014.0,2015.0,2016.0,2017.0,2018.0,2019.0,2020,2021,2022
Grindwell Norton Ltd.,2013.0,2014.0,2015.0,2016.0,2017.0,2018.0,2019.0,2020,2021,2022
Gufic Biosciences Ltd.,2013.0,2014.0,2015.0,2016.0,2017.0,2018.0,2019.0,2020,2021,2022
Gujarat Alkalies & Chemicals Ltd.,2013.0,2014.0,2015.0,2016.0,2017.0,2018.0,2019.0,2020,2021,2022
Gujarat Ambuja Exports Ltd.,2013.0,2014.0,2015.0,2016.0,2017.0,2018.0,2019.0,2020,2021,2022
Gujarat Fluorochemicals Ltd.,,,,,,,2019.0,2020,2021,2022
Gujarat Gas Ltd.,2013.0,2014.0,2015.0,2016.0,2017.0,2018.0,2019.0,2020,2021,2022
Gujarat Narmada Valley Fertilizers & Chemicals Ltd.,2013.0,2014.0,2015.0,2016.0,2017.0,2018.0,2019.0,2020,2021,2022
Gujarat Pipavav Port Ltd.,2012.0,2013.0,2015.0,2016.0,2017.0,2018.0,2019.0,2020,2021,2022
Gujarat State Fertilizers & Chemicals Ltd.,2013.0,2014.0,2015.0,2016.0,2017.0,2018.0,2019.0,2020,2021,2022
Gujarat State Petronet Ltd.,2013.0,2014.0,2015.0,2016.0,2017.0,2018.0,2019.0,2020,2021,2022
Gulf Oil Lubricants India Ltd.,2013.0,2014.0,2015.0,2016.0,2017.0,2018.0,2019.0,2020,2021,2022
Gulshan Polyols Ltd.,2013.0,2014.0,2015.0,2016.0,2017.0,2018.0,2019.0,2020,2021,2022
H C L Technologies Ltd.,2013.0,2014.0,2015.0,2016.0,2017.0,2018.0,2019.0,2020,2021,2022
H D F C Asset Mgmt. Co. Ltd.,2013.0,2014.0,2015.0,2016.0,2017.0,2018.0,2019.0,2020,2021,2022
H D F C Bank Ltd.,2013.0,2014.0,2015.0,2016.0,2017.0,2018.0,2019.0,2020,2021,2022
H E G Ltd.,2013.0,2014.0,2015.0,2016.0,2017.0,2018.0,2019.0,2020,2021,2022
H F C L Ltd.,2013.0,2014.0,2015.0,2016.0,2017.0,2018.0,2019.0,2020,2021,2022
H L E Glascoat Ltd.,2013.0,2014.0,2015.0,2016.0,2017.0,2018.0,2019.0,2020,2021,2022
Happiest Minds Technologies Ltd.,2013.0,2014.0,2015.0,2016.0,2017.0,2018.0,2019.0,2020,2021,2022
Harrisons Malayalam Ltd.,2013.0,2014.0,2015.0,2016.0,2017.0,2018.0,2019.0,2020,2021,2022
Hathway Cable & Datacom Ltd.,2013.0,2014.0,2015.0,2016.0,2017.0,2018.0,2019.0,2020,2021,2022
Hatsun Agro Product Ltd.,2013.0,2014.0,2015.0,2016.0,2017.0,2018.0,2019.0,2020,2021,2022
Havells India Ltd.,2013.0,2014.0,2015.0,2016.0,2017.0,2018.0,2019.0,2020,2021,2022
Heidelberg Cement India Ltd.,2012.0,2013.0,2015.0,2016.0,2017.0,2018.0,2019.0,2020,2021,2022
Hercules Hoists Ltd.,2013.0,2014.0,2015.0,2016.0,2017.0,2018.0,2019.0,2020,2021,2022
Hero Motocorp Ltd.,2013.0,2014.0,2015.0,2016.0,2017.0,2018.0,2019.0,2020,2021,2022
Hester Biosciences Ltd.,2013.0,2014.0,2015.0,2016.0,2017.0,2018.0,2019.0,2020,2021,2022
Hi-Tech Pipes Ltd.,2013.0,2014.0,2015.0,2016.0,2017.0,2018.0,2019.0,2020,2021,2022
Hikal Ltd.,2013.0,2014.0,2015.0,2016.0,2017.0,2018.0,2019.0,2020,2021,2022
Hindalco Industries Ltd.,2013.0,2014.0,2015.0,2016.0,2017.0,2018.0,2019.0,2020,2021,2022
Hindustan Copper Ltd.,2013.0,2014.0,2015.0,2016.0,2017.0,2018.0,2019.0,2020,2021,2022
Hindustan Unilever Ltd.,2013.0,2014.0,2015.0,2016.0,2017.0,2018.0,2019.0,2020,2021,2022
Hindustan Zinc Ltd.,2013.0,2014.0,2015.0,2016.0,2017.0,2018.0,2019.0,2020,2021,2022
Hitachi Energy India Ltd.,,,,,,,,2019,2020,2022
Home First Finance Co. India Ltd.,,2014.0,2015.0,2016.0,2017.0,2018.0,2019.0,2020,2021,2022
Honeywell Automation India Ltd.,2012.0,2013.0,2015.0,2016.0,2017.0,2018.0,2019.0,2020,2021,2022
Housing & Urban Devp. Corpn. Ltd.,2013.0,2014.0,2015.0,2016.0,2017.0,2018.0,2019.0,2020,2021,2022
I C I C I Bank Ltd.,2013.0,2014.0,2015.0,2016.0,2017.0,2018.0,2019.0,2020,2021,2022
I C I C I Securities Ltd.,2013.0,2014.0,2015.0,2016.0,2017.0,2018.0,2019.0,2020,2021,2022
I D F C First Bank Ltd.,,,2015.0,2016.0,2017.0,2018.0,2019.0,2020,2021,2022
I D F C Ltd.,2013.0,2014.0,2015.0,2016.0,2017.0,2018.0,2019.0,2020,2021,2022
I F B Industries Ltd.,2013.0,2014.0,2015.0,2016.0,2017.0,2018.0,2019.0,2020,2021,2022
I I F L Finance Ltd.,2013.0,2014.0,2015.0,2016.0,2017.0,2018.0,2019.0,2020,2021,2022
I R B Infrastructure Developers Ltd.,2013.0,2014.0,2015.0,2016.0,2017.0,2018.0,2019.0,2020,2021,2022
I T C Ltd.,2013.0,2014.0,2015.0,2016.0,2017.0,2018.0,2019.0,2020,2021,2022
Ice Make Refrigeration Ltd.,2013.0,2014.0,2015.0,2016.0,2017.0,2018.0,2019.0,2020,2021,2022
Ind-Swift Laboratories Ltd.,2013.0,2014.0,2015.0,2016.0,2017.0,2018.0,2019.0,2020,2021,2022
Indbank Merchant Banking Services Ltd.,2013.0,2014.0,2015.0,2016.0,2017.0,2018.0,2019.0,2020,2021,2022
India Glycols Ltd.,2013.0,2014.0,2015.0,2016.0,2017.0,2018.0,2019.0,2020,2021,2022
India Nippon Electricals Ltd.,2013.0,2014.0,2015.0,2016.0,2017.0,2018.0,2019.0,2020,2021,2022
Indiabulls Housing Finance Ltd.,2013.0,2014.0,2015.0,2016.0,2017.0,2018.0,2019.0,2020,2021,2022
Indiamart Intermesh Ltd.,2013.0,2014.0,2015.0,2016.0,2017.0,2018.0,2019.0,2020,2021,2022
Indian Bank,2013.0,2014.0,2015.0,2016.0,2017.0,2018.0,2019.0,2020,2021,2022
Indian Energy Exchange Ltd.,2013.0,2014.0,2015.0,2016.0,2017.0,2018.0,2019.0,2020,2021,2022
Indian Hotels Co. Ltd.,2013.0,2014.0,2015.0,2016.0,2017.0,2018.0,2019.0,2020,2021,2022
Indian Metals & Ferro Alloys Ltd.,2013.0,2014.0,2015.0,2016.0,2017.0,2018.0,2019.0,2020,2021,2022
Indian Oil Corpn. Ltd.,2013.0,2014.0,2015.0,2016.0,2017.0,2018.0,2019.0,2020,2021,2022
Indian Overseas Bank,2013.0,2014.0,2015.0,2016.0,2017.0,2018.0,2019.0,2020,2021,2022
Indian Railway Catering & Tourism Corpn. Ltd.,2013.0,2014.0,2015.0,2016.0,2017.0,2018.0,2019.0,2020,2021,2022
Indian Railway Finance Corpn. Ltd.,2013.0,2014.0,2015.0,2016.0,2017.0,2018.0,2019.0,2020,2021,2022
Indian Terrain Fashions Ltd.,2013.0,2014.0,2015.0,2016.0,2017.0,2018.0,2019.0,2020,2021,2022
Indigo Paints Ltd.,2013.0,2014.0,2015.0,2016.0,2017.0,2018.0,2019.0,2020,2021,2022
Indo Tech Transformers Ltd.,2013.0,2014.0,2015.0,2016.0,2017.0,2018.0,2019.0,2020,2021,2022
Indoco Remedies Ltd.,2013.0,2014.0,2015.0,2016.0,2017.0,2018.0,2019.0,2020,2021,2022
Indraprastha Gas Ltd.,2013.0,2014.0,2015.0,2016.0,2017.0,2018.0,2019.0,2020,2021,2022
Indus Towers Ltd.,2013.0,2014.0,2015.0,2016.0,2017.0,2018.0,2019.0,2020,2021,2022
Indusind Bank Ltd.,2013.0,2014.0,2015.0,2016.0,2017.0,2018.0,2019.0,2020,2021,2022
Industrial Investment Trust Ltd.,2013.0,2014.0,2015.0,2016.0,2017.0,2018.0,2019.0,2020,2021,2022
Infibeam Avenues Ltd.,2013.0,2014.0,2015.0,2016.0,2017.0,2018.0,2019.0,2020,2021,2022
Info Edge (India) Ltd.,2013.0,2014.0,2015.0,2016.0,2017.0,2018.0,2019.0,2020,2021,2022
Infosys Ltd.,2013.0,2014.0,2015.0,2016.0,2017.0,2018.0,2019.0,2020,2021,2022
Ingersoll-Rand (India) Ltd.,2013.0,2014.0,2015.0,2016.0,2017.0,2018.0,2019.0,2020,2021,2022
Innovana Thinklabs Ltd.,,,,2016.0,2017.0,2018.0,2019.0,2020,2021,2022
Insecticides (India) Ltd.,2013.0,2014.0,2015.0,2016.0,2017.0,2018.0,2019.0,2020,2021,2022
Inspirisys Solutions Ltd.,2013.0,2014.0,2015.0,2016.0,2017.0,2018.0,2019.0,2020,2021,2022
Intellect Design Arena Ltd.,2013.0,2014.0,2015.0,2016.0,2017.0,2018.0,2019.0,2020,2021,2022
Intrasoft Technologies Ltd.,2013.0,2014.0,2015.0,2016.0,2017.0,2018.0,2019.0,2020,2021,2022
Inventure Growth & Securities Ltd.,2013.0,2014.0,2015.0,2016.0,2017.0,2018.0,2019.0,2020,2021,2022
Ipca Laboratories Ltd.,2013.0,2014.0,2015.0,2016.0,2017.0,2018.0,2019.0,2020,2021,2022
Ircon International Ltd.,2013.0,2014.0,2015.0,2016.0,2017.0,2018.0,2019.0,2020,2021,2022
J B Chemicals & Pharmaceuticals Ltd.,2013.0,2014.0,2015.0,2016.0,2017.0,2018.0,2019.0,2020,2021,2022
J B M Auto Ltd.,2013.0,2014.0,2015.0,2016.0,2017.0,2018.0,2019.0,2020,2021,2022
J K Cement Ltd.,2013.0,2014.0,2015.0,2016.0,2017.0,2018.0,2019.0,2020,2021,2022
J K Lakshmi Cement Ltd.,2013.0,2014.0,2015.0,2016.0,2017.0,2018.0,2019.0,2020,2021,2022
J K Paper Ltd.,2013.0,2014.0,2015.0,2016.0,2017.0,2018.0,2019.0,2020,2021,2022
J M Financial Ltd.,2013.0,2014.0,2015.0,2016.0,2017.0,2018.0,2019.0,2020,2021,2022
J S W Energy Ltd.,2013.0,2014.0,2015.0,2016.0,2017.0,2018.0,2019.0,2020,2021,2022
J S W Steel Ltd.,2013.0,2014.0,2015.0,2016.0,2017.0,2018.0,2019.0,2020,2021,2022
Jagran Prakashan Ltd.,2013.0,2014.0,2015.0,2016.0,2017.0,2018.0,2019.0,2020,2021,2022
Jagsonpal Pharmaceuticals Ltd.,2013.0,2014.0,2015.0,2016.0,2017.0,2018.0,2019.0,2020,2021,2022
Jai Corp Ltd.,2013.0,2014.0,2015.0,2016.0,2017.0,2018.0,2019.0,2020,2021,2022
Jain Irrigation Systems Ltd.,2013.0,2014.0,2015.0,2016.0,2017.0,2018.0,2019.0,2020,2021,2022
Jaiprakash Power Ventures Ltd.,2013.0,2014.0,2015.0,2016.0,2017.0,2018.0,2019.0,2020,2021,2022
Jammu & Kashmir Bank Ltd.,2013.0,2014.0,2015.0,2016.0,2017.0,2018.0,2019.0,2020,2021,2022
Jamna Auto Inds. Ltd.,2013.0,2014.0,2015.0,2016.0,2017.0,2018.0,2019.0,2020,2021,2022
Jash Engineering Ltd.,,2014.0,2015.0,2016.0,2017.0,2018.0,2019.0,2020,2021,2022
Jay Bharat Maruti Ltd.,2013.0,2014.0,2015.0,2016.0,2017.0,2018.0,2019.0,2020,2021,2022
Jayant Agro-Organics Ltd.,2013.0,2014.0,2015.0,2016.0,2017.0,2018.0,2019.0,2020,2021,2022
Jet Freight Logistics Ltd.,,,,2016.0,2017.0,2018.0,2019.0,2020,2021,2022
Jet Knitwears Ltd.,2013.0,2014.0,2015.0,2016.0,2017.0,2018.0,2019.0,2020,2021,2022
Jindal Photo Ltd.,2013.0,2014.0,2015.0,2016.0,2017.0,2018.0,2019.0,2020,2021,2022
Jindal Poly Films Ltd.,2013.0,2014.0,2015.0,2016.0,2017.0,2018.0,2019.0,2020,2021,2022
Jindal Stainless Ltd.,2013.0,2014.0,2015.0,2016.0,2017.0,2018.0,2019.0,2020,2021,2022
Jindal Steel & Power Ltd.,2013.0,2014.0,2015.0,2016.0,2017.0,2018.0,2019.0,2020,2021,2022
Jindal Worldwide Ltd.,2013.0,2014.0,2015.0,2016.0,2017.0,2018.0,2019.0,2020,2021,2022
Jubilant Foodworks Ltd.,2013.0,2014.0,2015.0,2016.0,2017.0,2018.0,2019.0,2020,2021,2022
Jubilant Industries Ltd.,2013.0,2014.0,2015.0,2016.0,2017.0,2018.0,2019.0,2020,2021,2022
Jubilant Ingrevia Ltd.,,,,,,,,2020,2021,2022
Jubilant Pharmova Ltd.,2013.0,2014.0,2015.0,2016.0,2017.0,2018.0,2019.0,2020,2021,2022
Jullundur Motor Agency (Delhi) Ltd.,2013.0,2014.0,2015.0,2016.0,2017.0,2018.0,2019.0,2020,2021,2022
Just Dial Ltd.,2013.0,2014.0,2015.0,2016.0,2017.0,2018.0,2019.0,2020,2021,2022
Jyothy Labs Ltd.,2013.0,2014.0,2015.0,2016.0,2017.0,2018.0,2019.0,2020,2021,2022
K E C International Ltd.,2013.0,2014.0,2015.0,2016.0,2017.0,2018.0,2019.0,2020,2021,2022
K N R Constructions Ltd.,2013.0,2014.0,2015.0,2016.0,2017.0,2018.0,2019.0,2020,2021,2022
K P I T Technologies Ltd.,,,,,,2018.0,2019.0,2020,2021,2022
K P R Mill Ltd.,2013.0,2014.0,2015.0,2016.0,2017.0,2018.0,2019.0,2020,2021,2022
K R B L Ltd.,2013.0,2014.0,2015.0,2016.0,2017.0,2018.0,2019.0,2020,2021,2022
K S B Ltd.,2012.0,2013.0,2014.0,2015.0,2016.0,2017.0,2018.0,2019,2020,2021
Kabra Extrusion Technik Ltd.,2013.0,2014.0,2015.0,2016.0,2017.0,2018.0,2019.0,2020,2021,2022
Kajaria Ceramics Ltd.,2013.0,2014.0,2015.0,2016.0,2017.0,2018.0,2019.0,2020,2021,2022
Kalpataru Projects Intl. Ltd.,2013.0,2014.0,2015.0,2016.0,2017.0,2018.0,2019.0,2020,2021,2022
Kalyan Jewellers India Ltd.,2013.0,2014.0,2015.0,2016.0,2017.0,2018.0,2019.0,2020,2021,2022
Kalyani Forge Ltd.,2013.0,2014.0,2015.0,2016.0,2017.0,2018.0,2019.0,2020,2021,2022
Kalyani Steels Ltd.,2013.0,2014.0,2015.0,2016.0,2017.0,2018.0,2019.0,2020,2021,2022
Kamat Hotels (India) Ltd.,2013.0,2014.0,2015.0,2016.0,2017.0,2018.0,2019.0,2020,2021,2022
Kamdhenu Ltd.,2013.0,2014.0,2015.0,2016.0,2017.0,2018.0,2019.0,2020,2021,2022
Kanani Industries Ltd.,2013.0,2014.0,2015.0,2016.0,2017.0,2018.0,2019.0,2020,2021,2022
Kansai Nerolac Paints Ltd.,2013.0,2014.0,2015.0,2016.0,2017.0,2018.0,2019.0,2020,2021,2022
Karma Energy Ltd.,2013.0,2014.0,2015.0,2016.0,2017.0,2018.0,2019.0,2020,2021,2022
Karur Vysya Bank Ltd.,2013.0,2014.0,2015.0,2016.0,2017.0,2018.0,2019.0,2020,2021,2022
Kei Industries Ltd.,2013.0,2014.0,2015.0,2016.0,2017.0,2018.0,2019.0,2020,2021,2022
Kellton Tech Solutions Ltd.,2013.0,2014.0,2015.0,2016.0,2017.0,2018.0,2019.0,2020,2021,2022
Kennametal India Ltd.,2013.0,2014.0,2015.0,2016.0,2017.0,2018.0,2019.0,2020,2021,2022
Kesoram Industries Ltd.,2013.0,2014.0,2015.0,2016.0,2017.0,2018.0,2019.0,2020,2021,2022
Kewal Kiran Clothing Ltd.,2013.0,2014.0,2015.0,2016.0,2017.0,2018.0,2019.0,2020,2021,2022
Keynote Financial Services Ltd.,2013.0,2014.0,2015.0,2016.0,2017.0,2018.0,2019.0,2020,2021,2022
Khadim India Ltd.,2013.0,2014.0,2015.0,2016.0,2017.0,2018.0,2019.0,2020,2021,2022
Khaitan (India) Ltd.,2013.0,2014.0,2015.0,2016.0,2017.0,2018.0,2019.0,2020,2021,2022
Khandwala Securities Ltd.,2013.0,2014.0,2015.0,2016.0,2017.0,2018.0,2019.0,2020,2021,2022
Kilitch Drugs (India) Ltd.,2013.0,2014.0,2015.0,2016.0,2017.0,2018.0,2019.0,2020,2021,2022
Kingfa Science & Technology (India) Ltd.,2013.0,2014.0,2015.0,2016.0,2017.0,2018.0,2019.0,2020,2021,2022
Kirloskar Brothers Ltd.,2013.0,2014.0,2015.0,2016.0,2017.0,2018.0,2019.0,2020,2021,2022
Kirloskar Industries Ltd.,2013.0,2014.0,2015.0,2016.0,2017.0,2018.0,2019.0,2020,2021,2022
Kirloskar Oil Engines Ltd.,2013.0,2014.0,2015.0,2016.0,2017.0,2018.0,2019.0,2020,2021,2022
Kitex Garments Ltd.,2013.0,2014.0,2015.0,2016.0,2017.0,2018.0,2019.0,2020,2021,2022
Kokuyo Camlin Ltd.,2013.0,2014.0,2015.0,2016.0,2017.0,2018.0,2019.0,2020,2021,2022
Kopran Ltd.,2013.0,2014.0,2015.0,2016.0,2017.0,2018.0,2019.0,2020,2021,2022
Kotak Mahindra Bank Ltd.,2013.0,2014.0,2015.0,2016.0,2017.0,2018.0,2019.0,2020,2021,2022
Kothari Petrochemicals Ltd.,2013.0,2014.0,2015.0,2016.0,2017.0,2018.0,2019.0,2020,2021,2022
Kothari Products Ltd.,2013.0,2014.0,2015.0,2016.0,2017.0,2018.0,2019.0,2020,2021,2022
Kshitij Polyline Ltd.,2013.0,,,,2017.0,2018.0,2019.0,2020,2021,2022
Kuantum Papers Ltd.,2013.0,2014.0,2015.0,2016.0,2017.0,2018.0,2019.0,2020,2021,2022
L & T Technology Services Ltd.,2013.0,2014.0,2015.0,2016.0,2017.0,2018.0,2019.0,2020,2021,2022
L I C Housing Finance Ltd.,2013.0,2014.0,2015.0,2016.0,2017.0,2018.0,2019.0,2020,2021,2022
La Opala R G Ltd.,2013.0,2014.0,2015.0,2016.0,2017.0,2018.0,2019.0,2020,2021,2022
Lagnam Spintex Ltd.,2013.0,2014.0,2015.0,2016.0,2017.0,2018.0,2019.0,2020,2021,2022
Lakshmi Machine Works Ltd.,2013.0,2014.0,2015.0,2016.0,2017.0,2018.0,2019.0,2020,2021,2022
Lambodhara Textiles Ltd.,2013.0,2014.0,2015.0,2016.0,2017.0,2018.0,2019.0,2020,2021,2022
Larsen & Toubro Ltd.,2013.0,2014.0,2015.0,2016.0,2017.0,2018.0,2019.0,2020,2021,2022
Laurus Labs Ltd.,2013.0,2014.0,2015.0,2016.0,2017.0,2018.0,2019.0,2020,2021,2022
Laxmi Organic Inds. Ltd.,2013.0,2014.0,2015.0,2016.0,2017.0,2018.0,2019.0,2020,2021,2022
Lemon Tree Hotels Ltd.,2013.0,2014.0,2015.0,2016.0,2017.0,2018.0,2019.0,2020,2021,2022
Liberty Shoes Ltd.,2013.0,2014.0,2015.0,2016.0,2017.0,2018.0,2019.0,2020,2021,2022
Lincoln Pharmaceuticals Ltd.,2013.0,2014.0,2015.0,2016.0,2017.0,2018.0,2019.0,2020,2021,2022
Linde India Ltd.,2012.0,2013.0,2014.0,2015.0,2016.0,2017.0,2018.0,2019,2020,2021
Lokesh Machines Ltd.,2013.0,2014.0,2015.0,2016.0,2017.0,2018.0,2019.0,2020,2021,2022
Ltimindtree Ltd.,2013.0,2014.0,2015.0,2016.0,2017.0,2018.0,2019.0,2020,2021,2022
Lumax Auto Technologies Ltd.,2013.0,2014.0,2015.0,2016.0,2017.0,2018.0,2019.0,2020,2021,2022
Lumax Industries Ltd.,2013.0,2014.0,2015.0,2016.0,2017.0,2018.0,2019.0,2020,2021,2022
Lupin Ltd.,2013.0,2014.0,2015.0,2016.0,2017.0,2018.0,2019.0,2020,2021,2022
Lux Industries Ltd.,2013.0,2014.0,2015.0,2016.0,2017.0,2018.0,2019.0,2020,2021,2022
Lypsa Gems & Jewellery Ltd.,2013.0,2014.0,2015.0,2016.0,2017.0,2018.0,2019.0,2020,2021,2022
M A S Financial Services Ltd.,2013.0,2014.0,2015.0,2016.0,2017.0,2018.0,2019.0,2020,2021,2022
M R F Ltd.,2013.0,2014.0,2016.0,2016.0,2017.0,2018.0,2019.0,2020,2021,2022
Maan Aluminium Ltd.,2013.0,2014.0,2015.0,2016.0,2017.0,2018.0,2019.0,2020,2021,2022
Macrotech Developers Ltd.,2013.0,2014.0,2015.0,2016.0,2017.0,2018.0,2019.0,2020,2021,2022
Madhucon Projects Ltd.,2013.0,2014.0,2015.0,2016.0,2017.0,2018.0,2019.0,2020,2021,2022
Magadh Sugar & Energy Ltd.,,,2015.0,2016.0,2017.0,2018.0,2019.0,2020,2021,2022
Magnum Ventures Ltd.,2013.0,2014.0,2015.0,2016.0,2017.0,2018.0,2019.0,2020,2021,2022
Mahanagar Gas Ltd.,2013.0,2014.0,2015.0,2016.0,2017.0,2018.0,2019.0,2020,2021,2022
Maharashtra Scooters Ltd.,2013.0,2014.0,2015.0,2016.0,2017.0,2018.0,2019.0,2020,2021,2022
Maharashtra Seamless Ltd.,2013.0,2014.0,2015.0,2016.0,2017.0,2018.0,2019.0,2020,2021,2022
Maheshwari Logistics Ltd.,2013.0,2014.0,2015.0,2016.0,2017.0,2018.0,2019.0,2020,2021,2022
Mahindra & Mahindra Financial Services Ltd.,2013.0,2014.0,2015.0,2016.0,2017.0,2018.0,2019.0,2020,2021,2022
Mahindra & Mahindra Ltd.,2013.0,2014.0,2015.0,2016.0,2017.0,2018.0,2019.0,2020,2021,2022
Mahindra Lifespace Developers Ltd.,2013.0,2014.0,2015.0,2016.0,2017.0,2018.0,2019.0,2020,2021,2022
Mahindra Logistics Ltd.,2013.0,2014.0,2015.0,2016.0,2017.0,2018.0,2019.0,2020,2021,2022
Maithan Alloys Ltd.,2013.0,2014.0,2015.0,2016.0,2017.0,2018.0,2019.0,2020,2021,2022
Man Industries (India) Ltd.,2013.0,2014.0,2015.0,2016.0,2017.0,2018.0,2019.0,2020,2021,2022
Man Infraconstruction Ltd.,2013.0,2014.0,2015.0,2016.0,2017.0,2018.0,2019.0,2020,2021,2022
Manaksia Ltd.,2013.0,2014.0,2015.0,2016.0,2017.0,2018.0,2019.0,2020,2021,2022
Manaksia Steels Ltd.,2013.0,2014.0,2015.0,2016.0,2017.0,2018.0,2019.0,2020,2021,2022
Manali Petrochemicals Ltd.,2013.0,2014.0,2015.0,2016.0,2017.0,2018.0,2019.0,2020,2021,2022
Manappuram Finance Ltd.,2013.0,2014.0,2015.0,2016.0,2017.0,2018.0,2019.0,2020,2021,2022
Mangalam Cement Ltd.,2013.0,2014.0,2015.0,2016.0,2017.0,2018.0,2019.0,2020,2021,2022
Mangalam Global Enterprise Ltd.,2013.0,2014.0,2015.0,2016.0,2017.0,2018.0,2019.0,2020,2021,2022
Mangalore Refinery & Petrochemicals Ltd.,2013.0,2014.0,2015.0,2016.0,2017.0,2018.0,2019.0,2020,2021,2022
Marathon Nextgen Realty Ltd.,2013.0,2014.0,2015.0,2016.0,2017.0,2018.0,2019.0,2020,2021,2022
Marico Ltd.,2013.0,2014.0,2015.0,2016.0,2017.0,2018.0,2019.0,2020,2021,2022
Marine Electricals (India) Ltd.,2013.0,2014.0,2015.0,2016.0,2017.0,2018.0,2019.0,2020,2021,2022
Marksans Pharma Ltd.,2013.0,2014.0,2015.0,2016.0,2017.0,2018.0,2019.0,2020,2021,2022
Maruti Suzuki India Ltd.,2013.0,2014.0,2015.0,2016.0,2017.0,2018.0,2019.0,2020,2021,2022
Mask Investments Ltd.,2013.0,2014.0,2015.0,2016.0,2017.0,2018.0,2019.0,2020,2021,2022
Mastek Ltd.,2013.0,2014.0,2015.0,2016.0,2017.0,2018.0,2019.0,2020,2021,2022
Mawana Sugars Ltd.,2013.0,2014.0,2014.0,2016.0,2017.0,2018.0,2019.0,2020,2021,2022
Max Financial Services Ltd.,2013.0,2014.0,2015.0,2016.0,2017.0,2018.0,2019.0,2020,2021,2022
Max Healthcare Institute Ltd.,2013.0,2014.0,2015.0,2016.0,2017.0,2018.0,2019.0,2020,2021,2022
Mayur Uniquoters Ltd.,2013.0,2014.0,2015.0,2016.0,2017.0,2018.0,2019.0,2020,2021,2022
Mazagon Dock Shipbuilders Ltd.,2013.0,2014.0,2015.0,2016.0,2017.0,2018.0,2019.0,2020,2021,2022
Mazda Ltd.,2013.0,2014.0,2015.0,2016.0,2017.0,2018.0,2019.0,2020,2021,2022
Megasoft Ltd.,2012.0,2013.0,2015.0,2016.0,2017.0,2018.0,2019.0,2020,2021,2022
Menon Bearings Ltd.,2013.0,2014.0,2015.0,2016.0,2017.0,2018.0,2019.0,2020,2021,2022
Metropolis Healthcare Ltd.,2013.0,2014.0,2015.0,2016.0,2017.0,2018.0,2019.0,2020,2021,2022
Minda Corporation Ltd.,2013.0,2014.0,2015.0,2016.0,2017.0,2018.0,2019.0,2020,2021,2022
Mindteck (India) Ltd.,2013.0,2014.0,2015.0,2016.0,2017.0,2018.0,2019.0,2020,2021,2022
Mirza International Ltd.,2013.0,2014.0,2015.0,2016.0,2017.0,2018.0,2019.0,2020,2021,2022
Mishra Dhatu Nigam Ltd.,2013.0,2014.0,2015.0,2016.0,2017.0,2018.0,2019.0,2020,2021,2022
Mittal Life Style Ltd.,2013.0,2014.0,2015.0,2016.0,2017.0,2018.0,2019.0,2020,2021,2022
Modi Rubber Ltd.,2013.0,2014.0,2015.0,2016.0,2017.0,2018.0,2019.0,2020,2021,2022
Moksh Ornaments Ltd.,2013.0,2014.0,2015.0,2016.0,2017.0,2018.0,2019.0,2020,2021,2022
Mold-Tek Packaging Ltd.,2013.0,2014.0,2015.0,2016.0,2017.0,2018.0,2019.0,2020,2021,2022
Mold-Tek Technologies Ltd.,2013.0,2014.0,2015.0,2016.0,2017.0,2018.0,2019.0,2020,2021,2022
Monte Carlo Fashions Ltd.,,2014.0,2015.0,2016.0,2017.0,2018.0,2019.0,2020,2021,2022
Morepen Laboratories Ltd.,2013.0,2014.0,2015.0,2016.0,2017.0,2018.0,2019.0,2020,2021,2022
Motilal Oswal Financial Services Ltd.,2013.0,2014.0,2015.0,2016.0,2017.0,2018.0,2019.0,2020,2021,2022
Mphasis Ltd.,2012.0,2013.0,2015.0,2016.0,2017.0,2018.0,2019.0,2020,2021,2022
Mukta Arts Ltd.,2013.0,2014.0,2015.0,2016.0,2017.0,2018.0,2019.0,2020,2021,2022
Multi Commodity Exchange Of India Ltd.,2013.0,2014.0,2015.0,2016.0,2017.0,2018.0,2019.0,2020,2021,2022
Munjal Showa Ltd.,2013.0,2014.0,2015.0,2016.0,2017.0,2018.0,2019.0,2020,2021,2022
Murudeshwar Ceramics Ltd.,2013.0,2014.0,2015.0,2016.0,2017.0,2018.0,2019.0,2020,2021,2022
Muthoot Capital Services Ltd.,2013.0,2014.0,2015.0,2016.0,2017.0,2018.0,2019.0,2020,2021,2022
Muthoot Finance Ltd.,2013.0,2014.0,2015.0,2016.0,2017.0,2018.0,2019.0,2020,2021,2022
N B C C (India) Ltd.,2013.0,2014.0,2015.0,2016.0,2017.0,2018.0,2019.0,2020,2021,2022
N C C Ltd.,2013.0,2014.0,2015.0,2016.0,2017.0,2018.0,2019.0,2020,2021,2022
N H P C Ltd.,2013.0,2014.0,2015.0,2016.0,2017.0,2018.0,2019.0,2020,2021,2022
N L C India Ltd.,2013.0,2014.0,2015.0,2016.0,2017.0,2018.0,2019.0,2020,2021,2022
N M D C Ltd.,2013.0,2014.0,2015.0,2016.0,2017.0,2018.0,2019.0,2020,2021,2022
N T P C Ltd.,2013.0,2014.0,2015.0,2016.0,2017.0,2018.0,2019.0,2020,2021,2022
Nahar Industrial Enterprises Ltd.,2013.0,2014.0,2015.0,2016.0,2017.0,2018.0,2019.0,2020,2021,2022
Nahar Poly Films Ltd.,2013.0,2014.0,2015.0,2016.0,2017.0,2018.0,2019.0,2020,2021,2022
Nahar Spinning Mills Ltd.,2013.0,2014.0,2015.0,2016.0,2017.0,2018.0,2019.0,2020,2021,2022
Narayana Hrudayalaya Ltd.,,2014.0,2015.0,2016.0,2017.0,2018.0,2019.0,2020,2021,2022
Natco Pharma Ltd.,2013.0,2014.0,2015.0,2016.0,2017.0,2018.0,2019.0,2020,2021,2022
Nath Bio-Genes (India) Ltd.,2013.0,2014.0,2015.0,2016.0,2017.0,2018.0,2019.0,2020,2021,2022
National Aluminium Co. Ltd.,2013.0,2014.0,2015.0,2016.0,2017.0,2018.0,2019.0,2020,2021,2022
National Fertilizers Ltd.,2013.0,2014.0,2015.0,2016.0,2017.0,2018.0,2019.0,2020,2021,2022
Navin Fluorine Intl. Ltd.,2013.0,2014.0,2015.0,2016.0,2017.0,2018.0,2019.0,2020,2021,2022
Navkar Corporation Ltd.,2013.0,2014.0,2015.0,2016.0,2017.0,2018.0,2019.0,2020,2021,2022
Navneet Education Ltd.,2013.0,2014.0,2015.0,2016.0,2017.0,2018.0,2019.0,2020,2021,2022
Nelcast Ltd.,2013.0,2014.0,2015.0,2016.0,2017.0,2018.0,2019.0,2020,2021,2022
Neogen Chemicals Ltd.,2013.0,2014.0,2015.0,2016.0,2017.0,2018.0,2019.0,2020,2021,2022
Nesco Ltd.,2013.0,2014.0,2015.0,2016.0,2017.0,2018.0,2019.0,2020,2021,2022
Nestle India Ltd.,2012.0,2013.0,2014.0,2015.0,2016.0,2017.0,2018.0,2019,2020,2021
Neuland Laboratories Ltd.,2013.0,2014.0,2015.0,2016.0,2017.0,2018.0,2019.0,2020,2021,2022
New Delhi Television Ltd.,2013.0,2014.0,2015.0,2016.0,2017.0,2018.0,2019.0,2020,2021,2022
Newgen Software Technologies Ltd.,2013.0,2014.0,2015.0,2016.0,2017.0,2018.0,2019.0,2020,2021,2022
Nila Infrastructures Ltd.,2013.0,2014.0,2015.0,2016.0,2017.0,2018.0,2019.0,2020,2021,2022
Nilkamal Ltd.,2013.0,2014.0,2015.0,2016.0,2017.0,2018.0,2019.0,2020,2021,2022
Nippon Life India Asset Mgmt. Ltd.,2013.0,2014.0,2015.0,2016.0,2017.0,2018.0,2019.0,2020,2021,2022
Nitin Spinners Ltd.,2013.0,2014.0,2015.0,2016.0,2017.0,2018.0,2019.0,2020,2021,2022
Nocil Ltd.,2013.0,2014.0,2015.0,2016.0,2017.0,2018.0,2019.0,2020,2021,2022
Norben Tea & Exports Ltd.,2013.0,2014.0,2015.0,2016.0,2017.0,2018.0,2019.0,2020,2021,2022
Nucleus Software Exports Ltd.,2013.0,2014.0,2015.0,2016.0,2017.0,2018.0,2019.0,2020,2021,2022
Oberoi Realty Ltd.,2013.0,2014.0,2015.0,2016.0,2017.0,2018.0,2019.0,2020,2021,2022
Oil & Natural Gas Corpn. Ltd.,2013.0,2014.0,2015.0,2016.0,2017.0,2018.0,2019.0,2020,2021,2022
Oil India Ltd.,2013.0,2014.0,2015.0,2016.0,2017.0,2018.0,2019.0,2020,2021,2022
Olectra Greentech Ltd.,2013.0,2014.0,2015.0,2016.0,2017.0,2018.0,2019.0,2020,2021,2022
Onelife Capital Advisors Ltd.,2013.0,2014.0,2015.0,2016.0,2017.0,2018.0,2019.0,2020,2021,2022
Onward Technologies Ltd.,2013.0,2014.0,2015.0,2016.0,2017.0,2018.0,2019.0,2020,2021,2022
Optiemus Infracom Ltd.,2013.0,2014.0,2015.0,2016.0,2017.0,2018.0,2019.0,2020,2021,2022
Oracle Financial Services Software Ltd.,2013.0,2014.0,2015.0,2016.0,2017.0,2018.0,2019.0,2020,2021,2022
Orbit Exports Ltd.,2013.0,2014.0,2015.0,2016.0,2017.0,2018.0,2019.0,2020,2021,2022
Orient Bell Ltd.,2013.0,2014.0,2015.0,2016.0,2017.0,2018.0,2019.0,2020,2021,2022
Orient Cement Ltd.,2013.0,2014.0,2015.0,2016.0,2017.0,2018.0,2019.0,2020,2021,2022
Orient Electric Ltd.,,,,,2017.0,2018.0,2019.0,2020,2021,2022
Oriental Aromatics Ltd.,2013.0,2014.0,2015.0,2016.0,2017.0,2018.0,2019.0,2020,2021,2022
Oriental Carbon & Chemicals Ltd.,2013.0,2014.0,2015.0,2016.0,2017.0,2018.0,2019.0,2020,2021,2022
Oriental Hotels Ltd.,2013.0,2014.0,2015.0,2016.0,2017.0,2018.0,2019.0,2020,2021,2022
Oswal Agro Mills Ltd.,2013.0,2014.0,2015.0,2016.0,2017.0,2018.0,2019.0,2020,2021,2022
P C B L Ltd.,2013.0,2014.0,2015.0,2016.0,2017.0,2018.0,2019.0,2020,2021,2022
P I Industries Ltd.,2013.0,2014.0,2015.0,2016.0,2017.0,2018.0,2019.0,2020,2021,2022
P N C Infratech Ltd.,2013.0,2014.0,2015.0,2016.0,2017.0,2018.0,2019.0,2020,2021,2022
Page Industries Ltd.,2013.0,2014.0,2015.0,2016.0,2017.0,2018.0,2019.0,2020,2021,2022
Paisalo Digital Ltd.,2013.0,2014.0,2015.0,2016.0,2017.0,2018.0,2019.0,2020,2021,2022
Palash Securities Ltd.,,,2015.0,2016.0,2017.0,2018.0,2019.0,2020,2021,2022
Palred Technologies Ltd.,2013.0,2014.0,2015.0,2016.0,2017.0,2018.0,2019.0,2020,2021,2022
Panache Digilife Ltd.,,,2015.0,2016.0,2017.0,2018.0,2019.0,2020,2021,2022
Panama Petrochem Ltd.,2013.0,2014.0,2015.0,2016.0,2017.0,2018.0,2019.0,2020,2021,2022
Parag Milk Foods Ltd.,,2014.0,2015.0,2016.0,2017.0,2018.0,2019.0,2020,2021,2022
Paramount Communications Ltd.,2013.0,2014.0,2015.0,2016.0,2017.0,2018.0,2019.0,2020,2021,2022
Patanjali Foods Ltd.,2013.0,2014.0,2015.0,2016.0,2017.0,2018.0,2019.0,2020,2021,2022
Patel Engineering Ltd.,2013.0,2014.0,2015.0,2016.0,2017.0,2018.0,2019.0,2020,2021,2022
Patel Integrated Logistics Ltd.,2013.0,2014.0,2015.0,2016.0,2017.0,2018.0,2019.0,2020,2021,2022
Pennar Industries Ltd.,2013.0,2014.0,2015.0,2016.0,2017.0,2018.0,2019.0,2020,2021,2022
Persistent Systems Ltd.,2013.0,2014.0,2015.0,2016.0,2017.0,2018.0,2019.0,2020,2021,2022
Petronet L N G Ltd.,2013.0,2014.0,2015.0,2016.0,2017.0,2018.0,2019.0,2020,2021,2022
Pfizer Ltd.,2013.0,2014.0,2015.0,2016.0,2017.0,2018.0,2019.0,2020,2021,2022
Phoenix Mills Ltd.,2013.0,2014.0,2015.0,2016.0,2017.0,2018.0,2019.0,2020,2021,2022
Pidilite Industries Ltd.,2013.0,2014.0,2015.0,2016.0,2017.0,2018.0,2019.0,2020,2021,2022
Piramal Enterprises Ltd.,2013.0,2014.0,2015.0,2016.0,2017.0,2018.0,2019.0,2020,2021,2022
Plastiblends India Ltd.,2013.0,2014.0,2015.0,2016.0,2017.0,2018.0,2019.0,2020,2021,2022
Poly Medicure Ltd.,2013.0,2014.0,2015.0,2016.0,2017.0,2018.0,2019.0,2020,2021,2022
Polycab India Ltd.,2013.0,2014.0,2015.0,2016.0,2017.0,2018.0,2019.0,2020,2021,2022
Polyplex Corporation Ltd.,2013.0,2014.0,2015.0,2016.0,2017.0,2018.0,2019.0,2020,2021,2022
Ponni Sugars (Erode) Ltd.,2013.0,2014.0,2015.0,2016.0,2017.0,2018.0,2019.0,2020,2021,2022
Power Finance Corpn. Ltd.,2013.0,2014.0,2015.0,2016.0,2017.0,2018.0,2019.0,2020,2021,2022
Power Grid Corpn. Of India Ltd.,2013.0,2014.0,2015.0,2016.0,2017.0,2018.0,2019.0,2020,2021,2022
Power Mech Projects Ltd.,2013.0,2014.0,2015.0,2016.0,2017.0,2018.0,2019.0,2020,2021,2022
Praj Industries Ltd.,2013.0,2014.0,2015.0,2016.0,2017.0,2018.0,2019.0,2020,2021,2022
Prakash Industries Ltd.,2013.0,2014.0,2015.0,2016.0,2017.0,2018.0,2019.0,2020,2021,2022
Precision Camshafts Ltd.,2013.0,2014.0,2015.0,2016.0,2017.0,2018.0,2019.0,2020,2021,2022
Precision Wires India Ltd.,2013.0,2014.0,2015.0,2016.0,2017.0,2018.0,2019.0,2020,2021,2022
Premier Explosives Ltd.,2013.0,2014.0,2015.0,2016.0,2017.0,2018.0,2019.0,2020,2021,2022
Prestige Estates Projects Ltd.,2013.0,2014.0,2015.0,2016.0,2017.0,2018.0,2019.0,2020,2021,2022
Pricol Ltd.,,,2015.0,2016.0,2017.0,2018.0,2019.0,2020,2021,2022
Prime Securities Ltd.,2013.0,2015.0,2015.0,2016.0,2017.0,2018.0,2019.0,2020,2021,2022
Prince Pipes & Fittings Ltd.,2013.0,2014.0,2015.0,2016.0,2017.0,2018.0,2019.0,2020,2021,2022
Privi Speciality Chemicals Ltd.,2013.0,2014.0,2015.0,2016.0,2017.0,2018.0,2019.0,2020,2021,2022
Procter & Gamble Health Ltd.,2012.0,2013.0,2014.0,2015.0,2016.0,2017.0,2018.0,2020,2021,2022
Procter & Gamble Hygiene & Health Care Ltd.,2013.0,2014.0,2015.0,2016.0,2017.0,2018.0,2019.0,2020,2021,2022
Pudumjee Paper Products Ltd.,,,2015.0,2016.0,2017.0,2018.0,2019.0,2020,2021,2022
Punjab & Sind Bank,2013.0,2014.0,2015.0,2016.0,2017.0,2018.0,2019.0,2020,2021,2022
Punjab Chemicals & Crop Protection Ltd.,2013.0,2014.0,2015.0,2016.0,2017.0,2018.0,2019.0,2020,2021,2022
Punjab National Bank,2013.0,2014.0,2015.0,2016.0,2017.0,2018.0,2019.0,2020,2021,2022
Puravankara Ltd.,2013.0,2014.0,2015.0,2016.0,2017.0,2018.0,2019.0,2020,2021,2022
Quess Corp Ltd.,,2013.0,2015.0,2016.0,2017.0,2018.0,2019.0,2020,2021,2022
Quick Heal Technologies Ltd.,,,2015.0,2016.0,2017.0,2018.0,2019.0,2020,2021,2022
R B L Bank Ltd.,2013.0,2014.0,2015.0,2016.0,2017.0,2018.0,2019.0,2020,2021,2022
R E C Ltd.,2013.0,2014.0,2015.0,2016.0,2017.0,2018.0,2019.0,2020,2021,2022
R H I Magnesita India Ltd.,2013.0,2014.0,2015.0,2016.0,2017.0,2018.0,2019.0,2020,2021,2022
R Systems International Ltd.,2012.0,2013.0,2014.0,2015.0,2016.0,2017.0,2018.0,2019,2020,2021
Radico Khaitan Ltd.,2013.0,2014.0,2015.0,2016.0,2017.0,2018.0,2019.0,2020,2021,2022
Rail Vikas Nigam Ltd.,2013.0,2014.0,2015.0,2016.0,2017.0,2018.0,2019.0,2020,2021,2022
Rain Industries Ltd.,2012.0,2013.0,2014.0,2015.0,2016.0,2017.0,2018.0,2019,2020,2021
Raj Television Network Ltd.,2013.0,2014.0,2015.0,2016.0,2017.0,2018.0,2019.0,2020,2021,2022
Rajesh Exports Ltd.,2013.0,2014.0,2015.0,2016.0,2017.0,2018.0,2019.0,2020,2021,2022
Rallis India Ltd.,2013.0,2014.0,2015.0,2016.0,2017.0,2018.0,2019.0,2020,2021,2022
Rama Steel Tubes Ltd.,2013.0,2014.0,2015.0,2016.0,2017.0,2018.0,2019.0,2020,2021,2022
Ramco Cements Ltd.,2013.0,2014.0,2015.0,2016.0,2017.0,2018.0,2019.0,2020,2021,2022
Ramkrishna Forgings Ltd.,2013.0,2014.0,2015.0,2016.0,2017.0,2018.0,2019.0,2020,2021,2022
Ramky Infrastructure Ltd.,2013.0,2014.0,2015.0,2016.0,2017.0,2018.0,2019.0,2020,2021,2022
Rane Brake Lining Ltd.,2013.0,2014.0,2015.0,2016.0,2017.0,2018.0,2019.0,2020,2021,2022
Rane Holdings Ltd.,2013.0,2014.0,2015.0,2016.0,2017.0,2018.0,2019.0,2020,2021,2022
Rashtriya Chemicals & Fertilizers Ltd.,2013.0,2014.0,2015.0,2016.0,2017.0,2018.0,2019.0,2020,2021,2022
Ratnamani Metals & Tubes Ltd.,2013.0,2014.0,2015.0,2016.0,2017.0,2018.0,2019.0,2020,2021,2022
Redington Ltd.,2013.0,2014.0,2015.0,2016.0,2017.0,2018.0,2019.0,2020,2021,2022
Refex Industries Ltd.,2013.0,2014.0,2015.0,2016.0,2017.0,2018.0,2019.0,2020,2021,2022
Relaxo Footwears Ltd.,2013.0,2014.0,2015.0,2016.0,2017.0,2018.0,2019.0,2020,2021,2022
Reliance Industrial Infrastructure Ltd.,2013.0,2014.0,2015.0,2016.0,2017.0,2018.0,2019.0,2020,2021,2022
Reliance Industries Ltd.,2013.0,2014.0,2015.0,2016.0,2017.0,2018.0,2019.0,2020,2021,2022
Remsons Industries Ltd.,2013.0,2014.0,2015.0,2016.0,2017.0,2018.0,2019.0,2020,2021,2022
Repro India Ltd.,2013.0,2014.0,2015.0,2016.0,2017.0,2018.0,2019.0,2020,2021,2022
Responsive Industries Ltd.,2013.0,2014.0,2015.0,2016.0,2017.0,2018.0,2019.0,2020,2021,2022
Revathi Equipment Ltd.,2013.0,2014.0,2015.0,2016.0,2017.0,2018.0,2019.0,2020,2021,2022
Rites Ltd.,2013.0,2014.0,2015.0,2016.0,2017.0,2018.0,2019.0,2020,2021,2022
Rossari Biotech Ltd.,2013.0,2014.0,2015.0,2016.0,2017.0,2018.0,2019.0,2020,2021,2022
Rossell India Ltd.,2013.0,2014.0,2015.0,2016.0,2017.0,2018.0,2019.0,2020,2021,2022
Route Mobile Ltd.,2013.0,2014.0,2015.0,2016.0,2017.0,2018.0,2019.0,2020,2021,2022
Royal Orchid Hotels Ltd.,2013.0,2014.0,2015.0,2016.0,2017.0,2018.0,2019.0,2020,2021,2022
Ruchi Infrastructure Ltd.,2013.0,2014.0,2015.0,2016.0,2017.0,2018.0,2019.0,2020,2021,2022
Ruchira Papers Ltd.,2013.0,2014.0,2015.0,2016.0,2017.0,2018.0,2019.0,2020,2021,2022
Rushil Decor Ltd.,2013.0,2014.0,2015.0,2016.0,2017.0,2018.0,2019.0,2020,2021,2022
S B I Cards & Payment Services Ltd.,2013.0,2014.0,2015.0,2016.0,2017.0,2018.0,2019.0,2020,2021,2022
S I S Ltd.,2013.0,2014.0,2015.0,2016.0,2017.0,2018.0,2019.0,2020,2021,2022
S J V N Ltd.,2013.0,2014.0,2015.0,2016.0,2017.0,2018.0,2019.0,2020,2021,2022
S K F India Ltd.,2012.0,2013.0,2014.0,2016.0,2017.0,2018.0,2019.0,2020,2021,2022
S R F Ltd.,2013.0,2014.0,2015.0,2016.0,2017.0,2018.0,2019.0,2020,2021,2022
Sagar Cements Ltd.,2013.0,2014.0,2015.0,2016.0,2017.0,2018.0,2019.0,2020,2021,2022
Sagardeep Alloys Ltd.,2013.0,,2015.0,2016.0,2017.0,2018.0,2019.0,2020,2021,2022
Sakar Healthcare Ltd.,2013.0,2014.0,2015.0,2016.0,2017.0,2018.0,2019.0,2020,2021,2022
Saksoft Ltd.,2013.0,2014.0,2015.0,2016.0,2017.0,2018.0,2019.0,2020,2021,2022
Sakuma Exports Ltd.,2013.0,2014.0,2015.0,2016.0,2017.0,2018.0,2019.0,2020,2021,2022
Salona Cotspin Ltd.,2013.0,2014.0,2015.0,2016.0,2017.0,2018.0,2019.0,2020,2021,2022
Samvardhana Motherson Intl. Ltd.,2013.0,2014.0,2015.0,2016.0,2017.0,2018.0,2019.0,2020,2021,2022
Sandhar Technologies Ltd.,,2014.0,2015.0,2016.0,2017.0,2018.0,2019.0,2020,2021,2022
Sangam (India) Ltd.,2013.0,2014.0,2015.0,2016.0,2017.0,2018.0,2019.0,2020,2021,2022
Sanghvi Movers Ltd.,2013.0,2014.0,2015.0,2016.0,2017.0,2018.0,2019.0,2020,2021,2022
Sanginita Chemicals Ltd.,2013.0,2014.0,2015.0,2016.0,2017.0,2018.0,2019.0,2020,2021,2022
Sanofi India Ltd.,2012.0,2013.0,2014.0,2015.0,2016.0,2017.0,2018.0,2019,2020,2021
Sarda Energy & Minerals Ltd.,2013.0,2014.0,2015.0,2016.0,2017.0,2018.0,2019.0,2020,2021,2022
Sastasundar Ventures Ltd.,2013.0,2014.0,2015.0,2016.0,2017.0,2018.0,2019.0,2020,2021,2022
Satia Industries Ltd.,2013.0,2014.0,2015.0,2016.0,2017.0,2018.0,2019.0,2020,2021,2022
Satin Creditcare Network Ltd.,2013.0,2014.0,2015.0,2016.0,2017.0,2018.0,2019.0,2020,2021,2022
Savita Oil Technologies Ltd.,2013.0,2014.0,2015.0,2016.0,2017.0,2018.0,2019.0,2020,2021,2022
Schaeffler India Ltd.,2012.0,2013.0,2014.0,2015.0,2016.0,2017.0,2018.0,2019,2020,2021
Schneider Electric Infrastructure Ltd.,2013.0,2014.0,2015.0,2016.0,2017.0,2018.0,2019.0,2020,2021,2022
Seamec Ltd.,2013.0,2014.0,2015.0,2016.0,2017.0,2018.0,2019.0,2020,2021,2022
Selan Exploration Technology Ltd.,2013.0,2014.0,2015.0,2016.0,2017.0,2018.0,2019.0,2020,2021,2022
Shalby Ltd.,2013.0,2014.0,2015.0,2016.0,2017.0,2018.0,2019.0,2020,2021,2022
Shankara Building Products Ltd.,2013.0,2014.0,2015.0,2016.0,2017.0,2018.0,2019.0,2020,2021,2022
Shanthi Gears Ltd.,2013.0,2014.0,2015.0,2016.0,2017.0,2018.0,2019.0,2020,2021,2022
Sharda Cropchem Ltd.,2013.0,2014.0,2015.0,2016.0,2017.0,2018.0,2019.0,2020,2021,2022
Sheela Foam Ltd.,,2014.0,2015.0,2016.0,2017.0,2018.0,2019.0,2020,2021,2022
Shemaroo Entertainment Ltd.,2013.0,2014.0,2015.0,2016.0,2017.0,2018.0,2019.0,2020,2021,2022
Shilpa Medicare Ltd.,2013.0,2014.0,2015.0,2016.0,2017.0,2018.0,2019.0,2020,2021,2022
Shoppers Stop Ltd.,2013.0,2014.0,2015.0,2016.0,2017.0,2018.0,2019.0,2020,2021,2022
Shree Cement Ltd.,2013.0,2014.0,2015.0,2016.0,2017.0,2018.0,2019.0,2020,2021,2022
Shree Rama Multi-Tech Ltd.,2013.0,2014.0,2015.0,2016.0,2017.0,2018.0,2019.0,2020,2021,2022
Shreyans Industries Ltd.,2013.0,2014.0,2015.0,2016.0,2017.0,2018.0,2019.0,2020,2021,2022
Shreyas Shipping & Logistics Ltd.,2013.0,2014.0,2015.0,2016.0,2017.0,2018.0,2019.0,2020,2021,2022
Shriram Finance Ltd.,2013.0,2014.0,2015.0,2016.0,2017.0,2018.0,2019.0,2020,2021,2022
Siemens Ltd.,2013.0,2014.0,2015.0,2016.0,2017.0,2018.0,2019.0,2020,2021,2022
Sirca Paints India Ltd.,2013.0,2014.0,2015.0,2016.0,2017.0,2018.0,2019.0,2020,2021,2022
Skipper Ltd.,2013.0,2014.0,2015.0,2016.0,2017.0,2018.0,2019.0,2020,2021,2022
Snowman Logistics Ltd.,2013.0,2014.0,2015.0,2016.0,2017.0,2018.0,2019.0,2020,2021,2022
Sobha Ltd.,2013.0,2014.0,2015.0,2016.0,2017.0,2018.0,2019.0,2020,2021,2022
Solar Industries India Ltd.,2013.0,2014.0,2015.0,2016.0,2017.0,2018.0,2019.0,2020,2021,2022
Somany Ceramics Ltd.,2013.0,2014.0,2015.0,2016.0,2017.0,2018.0,2019.0,2020,2021,2022
Somi Conveyor Beltings Ltd.,2013.0,2014.0,2015.0,2016.0,2017.0,2018.0,2019.0,2020,2021,2022
Sonata Software Ltd.,2013.0,2014.0,2015.0,2016.0,2017.0,2018.0,2019.0,2020,2021,2022
South West Pinnacle Exploration Ltd.,2013.0,2014.0,2015.0,2016.0,2017.0,2018.0,2019.0,2020,2021,2022
Spacenet Enterprises India Ltd.,2013.0,2014.0,2015.0,2016.0,2017.0,2018.0,2019.0,2020,2021,2022
Speciality Restaurants Ltd.,2013.0,2014.0,2015.0,2016.0,2017.0,2018.0,2019.0,2020,2021,2022
Sree Rayalaseema Hi-Strength Hypo Ltd.,2013.0,2014.0,2015.0,2016.0,2017.0,2018.0,2019.0,2020,2021,2022
Star Cement Ltd.,2013.0,2014.0,2015.0,2016.0,2017.0,2018.0,2019.0,2020,2021,2022
Star Paper Mills Ltd.,2013.0,2014.0,2015.0,2016.0,2017.0,2018.0,2019.0,2020,2021,2022
State Bank Of India,2013.0,2014.0,2015.0,2016.0,2017.0,2018.0,2019.0,2020,2021,2022
Steel Authority Of India Ltd.,2013.0,2014.0,2015.0,2016.0,2017.0,2018.0,2019.0,2020,2021,2022
Steel City Securities Ltd.,2013.0,2014.0,2015.0,2016.0,2017.0,2018.0,2019.0,2020,2021,2022
Steel Strips Wheels Ltd.,2013.0,2014.0,2015.0,2016.0,2017.0,2018.0,2019.0,2020,2021,2022
Sterling Tools Ltd.,2013.0,2014.0,2015.0,2016.0,2017.0,2018.0,2019.0,2020,2021,2022
Sterlite Technologies Ltd.,2013.0,2014.0,2015.0,2016.0,2017.0,2018.0,2019.0,2020,2021,2022
Subros Ltd.,2013.0,2014.0,2015.0,2016.0,2017.0,2018.0,2019.0,2020,2021,2022
Sumit Woods Ltd.,2013.0,2014.0,2015.0,2016.0,2017.0,2018.0,2019.0,2020,2021,2022
Sumitomo Chemical India Ltd.,2013.0,2014.0,2015.0,2016.0,2017.0,2018.0,2019.0,2020,2021,2022
Summit Securities Ltd.,2013.0,2014.0,2015.0,2016.0,2017.0,2018.0,2019.0,2020,2021,2022
Sun Pharmaceutical Inds. Ltd.,2013.0,2014.0,2015.0,2016.0,2017.0,2018.0,2019.0,2020,2021,2022
Sun T V Network Ltd.,2013.0,2014.0,2015.0,2016.0,2017.0,2018.0,2019.0,2020,2021,2022
Sundaram Finance Holdings Ltd.,2013.0,2014.0,2015.0,2016.0,2017.0,2018.0,2019.0,2020,2021,2022
Sundaram Finance Ltd.,2013.0,2014.0,2015.0,2016.0,2017.0,2018.0,2019.0,2020,2021,2022
Sundram Fasteners Ltd.,2013.0,2014.0,2015.0,2016.0,2017.0,2018.0,2019.0,2020,2021,2022
Superhouse Ltd.,2013.0,2014.0,2015.0,2016.0,2017.0,2018.0,2019.0,2020,2021,2022
Suprajit Engineering Ltd.,2013.0,2014.0,2015.0,2016.0,2017.0,2018.0,2019.0,2020,2021,2022
Supreme Industries Ltd.,2013.0,2014.0,2015.0,2016.0,2017.0,2018.0,2019.0,2020,2021,2022
Supreme Petrochem Ltd.,2013.0,2014.0,2015.0,2016.0,2017.0,2018.0,2019.0,2020,2021,2022
Surana Solar Ltd.,2013.0,2014.0,2015.0,2016.0,2017.0,2018.0,2019.0,2020,2021,2022
Surya Roshni Ltd.,2013.0,2014.0,2015.0,2016.0,2017.0,2018.0,2019.0,2020,2021,2022
Suryalakshmi Cotton Mills Ltd.,2013.0,2014.0,2015.0,2016.0,2017.0,2018.0,2019.0,2020,2021,2022
Suven Pharmaceuticals Ltd.,,,,,,,2019.0,2020,2021,2022
Swan Energy Ltd.,2013.0,2014.0,2015.0,2016.0,2017.0,2018.0,2019.0,2020,2021,2022
Swaraj Engines Ltd.,2013.0,2014.0,2015.0,2016.0,2017.0,2018.0,2019.0,2020,2021,2022
Swelect Energy Systems Ltd.,2013.0,2014.0,2015.0,2016.0,2017.0,2018.0,2019.0,2020,2021,2022
Symphony Ltd.,2013.0,2014.0,2015.0,2016.0,2017.0,2018.0,2019.0,2020,2021,2022
Syngene International Ltd.,2013.0,2014.0,2015.0,2016.0,2017.0,2018.0,2019.0,2020,2021,2022
T C I Express Ltd.,2013.0,2014.0,2015.0,2016.0,2017.0,2018.0,2019.0,2020,2021,2022
T T K Prestige Ltd.,2013.0,2014.0,2015.0,2016.0,2017.0,2018.0,2019.0,2020,2021,2022
T V S Motor Co. Ltd.,2013.0,2014.0,2015.0,2016.0,2017.0,2018.0,2019.0,2020,2021,2022
Talbros Automotive Components Ltd.,2013.0,2014.0,2015.0,2016.0,2017.0,2018.0,2019.0,2020,2021,2022
Tamil Nadu Newsprint & Papers Ltd.,2013.0,2014.0,2015.0,2016.0,2017.0,2018.0,2019.0,2020,2021,2022
Tamilnadu Petroproducts Ltd.,2013.0,2014.0,2015.0,2016.0,2017.0,2018.0,2019.0,2020,2021,2022
Tanla Platforms Ltd.,2013.0,2014.0,2015.0,2016.0,2017.0,2018.0,2019.0,2020,2021,2022
Tantia Constructions Ltd.,2013.0,2014.0,2015.0,2016.0,2017.0,2018.0,2019.0,2020,2021,2022
Tarmat Ltd.,2013.0,2014.0,2015.0,2016.0,2017.0,2018.0,2019.0,2020,2021,2022
Tasty Bite Eatables Ltd.,2013.0,2014.0,2015.0,2016.0,2017.0,2018.0,2019.0,2020,2021,2022
Tata Chemicals Ltd.,2013.0,2014.0,2015.0,2016.0,2017.0,2018.0,2019.0,2020,2021,2022
Tata Coffee Ltd.,2013.0,2014.0,2015.0,2016.0,2017.0,2018.0,2019.0,2020,2021,2022
Tata Communications Ltd.,2013.0,2014.0,2015.0,2016.0,2017.0,2018.0,2019.0,2020,2021,2022
Tata Consultancy Services Ltd.,2013.0,2014.0,2015.0,2016.0,2017.0,2018.0,2019.0,2020,2021,2022
Tata Consumer Products Ltd.,2013.0,2014.0,2015.0,2016.0,2017.0,2018.0,2019.0,2020,2021,2022
Tata Elxsi Ltd.,2013.0,2014.0,2015.0,2016.0,2017.0,2018.0,2019.0,2020,2021,2022
Tata Investment Corpn. Ltd.,2013.0,2014.0,2015.0,2016.0,2017.0,2018.0,2019.0,2020,2021,2022
Tata Metaliks Ltd.,2013.0,2014.0,2015.0,2016.0,2017.0,2018.0,2019.0,2020,2021,2022
Tata Motors Ltd.,2013.0,2014.0,2015.0,2016.0,2017.0,2018.0,2019.0,2020,2021,2022
Tata Power Co. Ltd.,2013.0,2014.0,2015.0,2016.0,2017.0,2018.0,2019.0,2020,2021,2022
Tata Steel Ltd.,2013.0,2014.0,2015.0,2016.0,2017.0,2018.0,2019.0,2020,2021,2022
Teamlease Services Ltd.,2013.0,2014.0,2015.0,2016.0,2017.0,2018.0,2019.0,2020,2021,2022
Tech Mahindra Ltd.,2013.0,2014.0,2015.0,2016.0,2017.0,2018.0,2019.0,2020,2021,2022
Technocraft Industries (India) Ltd.,2013.0,2014.0,2015.0,2016.0,2017.0,2018.0,2019.0,2020,2021,2022
Thangamayil Jewellery Ltd.,2013.0,2014.0,2015.0,2016.0,2017.0,2018.0,2019.0,2020,2021,2022
Thejo Engineering Ltd.,2013.0,2014.0,2015.0,2016.0,2017.0,2018.0,2019.0,2020,2021,2022
Themis Medicare Ltd.,2013.0,2014.0,2015.0,2016.0,2017.0,2018.0,2019.0,2020,2021,2022
Thermax Ltd.,2013.0,2014.0,2015.0,2016.0,2017.0,2018.0,2019.0,2020,2021,2022
Thirumalai Chemicals Ltd.,2013.0,2014.0,2015.0,2016.0,2017.0,2018.0,2019.0,2020,2021,2022
Thomas Scott (India) Ltd.,2013.0,2014.0,2015.0,2016.0,2017.0,2018.0,2019.0,2020,2021,2022
Thyrocare Technologies Ltd.,2013.0,2014.0,2015.0,2016.0,2017.0,2018.0,2019.0,2020,2021,2022
Tide Water Oil Co. (India) Ltd.,2013.0,2014.0,2015.0,2016.0,2017.0,2018.0,2019.0,2020,2021,2022
Tilaknagar Industries Ltd.,2013.0,2014.0,2015.0,2016.0,2017.0,2018.0,2019.0,2020,2021,2022
Time Technoplast Ltd.,2013.0,2014.0,2015.0,2016.0,2017.0,2018.0,2019.0,2020,2021,2022
Times Guaranty Ltd.,2013.0,2014.0,2015.0,2016.0,2017.0,2018.0,2019.0,2020,2021,2022
Timken India Ltd.,2013.0,2014.0,2015.0,2016.0,2017.0,2018.0,2019.0,2020,2021,2022
Titan Company Ltd.,2013.0,2014.0,2015.0,2016.0,2017.0,2018.0,2019.0,2020,2021,2022
Torrent Pharmaceuticals Ltd.,2013.0,2014.0,2015.0,2016.0,2017.0,2018.0,2019.0,2020,2021,2022
Torrent Power Ltd.,2013.0,2014.0,2015.0,2016.0,2017.0,2018.0,2019.0,2020,2021,2022
Touchwood Entertainment Ltd.,2013.0,2014.0,,2016.0,2017.0,2018.0,2019.0,2020,2021,2022
Trent Ltd.,2013.0,2014.0,2015.0,2016.0,2017.0,2018.0,2019.0,2020,2021,2022
Tribhovandas Bhimji Zaveri Ltd.,2013.0,2014.0,2015.0,2016.0,2017.0,2018.0,2019.0,2020,2021,2022
Trident Ltd.,2013.0,2014.0,2015.0,2016.0,2017.0,2018.0,2019.0,2020,2021,2022
Trigyn Technologies Ltd.,2013.0,2014.0,2015.0,2016.0,2017.0,2018.0,2019.0,2020,2021,2022
Triveni Turbine Ltd.,2013.0,2014.0,2015.0,2016.0,2017.0,2018.0,2019.0,2020,2021,2022
Tube Investments Of India Ltd.,2013.0,2014.0,2015.0,2016.0,2017.0,2018.0,2019.0,2020,2021,2022
Tv18 Broadcast Ltd.,2013.0,2014.0,2015.0,2016.0,2017.0,2018.0,2019.0,2020,2021,2022
U P L Ltd.,2013.0,2014.0,2015.0,2016.0,2017.0,2018.0,2019.0,2020,2021,2022
U T I Asset Mgmt. Co. Ltd.,2013.0,2014.0,2015.0,2016.0,2017.0,2018.0,2019.0,2020,2021,2022
Uco Bank,2013.0,2014.0,2015.0,2016.0,2017.0,2018.0,2019.0,2020,2021,2022
Uflex Ltd.,2013.0,2014.0,2015.0,2016.0,2017.0,2018.0,2019.0,2020,2021,2022
Ujjivan Financial Services Ltd.,2013.0,2014.0,2015.0,2016.0,2017.0,2018.0,2019.0,2020,2021,2022
Ultratech Cement Ltd.,2013.0,2014.0,2015.0,2016.0,2017.0,2018.0,2019.0,2020,2021,2022
Union Bank Of India,2013.0,2014.0,2015.0,2016.0,2017.0,2018.0,2019.0,2020,2021,2022
Uniphos Enterprises Ltd.,2013.0,2014.0,2015.0,2016.0,2017.0,2018.0,2019.0,2020,2021,2022
United Breweries Ltd.,2013.0,2014.0,2015.0,2016.0,2017.0,2018.0,2019.0,2020,2021,2022
United Polyfab Gujarat Ltd.,2013.0,2014.0,2015.0,2016.0,2017.0,2018.0,2019.0,2020,2021,2022
United Spirits Ltd.,2013.0,2014.0,2015.0,2016.0,2017.0,2018.0,2019.0,2020,2021,2022
Universal Cables Ltd.,2013.0,2014.0,2015.0,2016.0,2017.0,2018.0,2019.0,2020,2021,2022
Uno Minda Ltd.,2013.0,2014.0,2015.0,2016.0,2017.0,2018.0,2019.0,2020,2021,2022
Urja Global Ltd.,2013.0,2014.0,2015.0,2016.0,2017.0,2018.0,2019.0,2020,2021,2022
Usha Martin Ltd.,2013.0,2014.0,2015.0,2016.0,2017.0,2018.0,2019.0,2020,2021,2022
Uttam Sugar Mills Ltd.,2013.0,2014.0,2015.0,2016.0,2017.0,2018.0,2019.0,2020,2021,2022
V S T Industries Ltd.,2013.0,2014.0,2015.0,2016.0,2017.0,2018.0,2019.0,2020,2021,2022
V-Guard Industries Ltd.,2013.0,2014.0,2015.0,2016.0,2017.0,2018.0,2019.0,2020,2021,2022
Vadilal Industries Ltd.,2013.0,2014.0,2015.0,2016.0,2017.0,2018.0,2019.0,2020,2021,2022
Vaibhav Global Ltd.,2013.0,2014.0,2015.0,2016.0,2017.0,2018.0,2019.0,2020,2021,2022
Vaishali Pharma Ltd.,2013.0,2014.0,2015.0,2016.0,2017.0,2018.0,2019.0,2020,2021,2022
Vardhman Acrylics Ltd.,2013.0,2014.0,2015.0,2016.0,2017.0,2018.0,2019.0,2020,2021,2022
Vardhman Holdings Ltd.,2013.0,2014.0,2015.0,2016.0,2017.0,2018.0,2019.0,2020,2021,2022
Vardhman Special Steels Ltd.,2013.0,2014.0,2015.0,2016.0,2017.0,2018.0,2019.0,2020,2021,2022
Vardhman Textiles Ltd.,2013.0,2014.0,2015.0,2016.0,2017.0,2018.0,2019.0,2020,2021,2022
Varun Beverages Ltd.,2012.0,2013.0,2014.0,2015.0,2016.0,2017.0,2018.0,2019,2020,2021
Vascon Engineers Ltd.,2013.0,2014.0,2015.0,2016.0,2017.0,2018.0,2019.0,2020,2021,2022
Vaswani Industries Ltd.,,2014.0,2015.0,2016.0,2017.0,2018.0,2019.0,2020,2021,2022
Vedanta Ltd.,2013.0,2014.0,2015.0,2016.0,2017.0,2018.0,2019.0,2020,2021,2022
Venus Remedies Ltd.,2013.0,2014.0,2015.0,2016.0,2017.0,2018.0,2019.0,2020,2021,2022
Vertoz Advertising Ltd.,2013.0,2014.0,2015.0,2016.0,2017.0,2018.0,2019.0,2020,2021,2022
Vesuvius India Ltd.,2012.0,2013.0,2014.0,2015.0,2016.0,2017.0,2018.0,2019,2020,2021
Vidhi Specialty Food Ingredients Ltd.,2013.0,2014.0,2015.0,2016.0,2017.0,2018.0,2019.0,2020,2021,2022
Viji Finance Ltd.,2013.0,2014.0,2015.0,2016.0,2017.0,2018.0,2019.0,2020,2021,2022
Vikas Ecotech Ltd.,2013.0,2014.0,2015.0,2016.0,2017.0,2018.0,2019.0,2020,2021,2022
Vimta Labs Ltd.,2013.0,2014.0,2015.0,2016.0,2017.0,2018.0,2019.0,2020,2021,2022
Vinati Organics Ltd.,2013.0,2014.0,2015.0,2016.0,2017.0,2018.0,2019.0,2020,2021,2022
Vindhya Telelinks Ltd.,2013.0,2014.0,2015.0,2016.0,2017.0,2018.0,2019.0,2020,2021,2022
Visaka Industries Ltd.,2013.0,2014.0,2015.0,2016.0,2017.0,2018.0,2019.0,2020,2021,2022
Vishal Fabrics Ltd.,2013.0,2014.0,2015.0,2016.0,2017.0,2018.0,2019.0,2020,2021,2022
Vishnu Chemicals Ltd.,2013.0,2014.0,2015.0,2016.0,2017.0,2018.0,2019.0,2020,2021,2022
Voltamp Transformers Ltd.,2013.0,2014.0,2015.0,2016.0,2017.0,2018.0,2019.0,2020,2021,2022
Voltas Ltd.,2013.0,2014.0,2015.0,2016.0,2017.0,2018.0,2019.0,2020,2021,2022
W S Industries (India) Ltd.,2013.0,2014.0,2015.0,2016.0,2017.0,2018.0,2019.0,2020,2021,2022
Wealth First Portfolio Managers Ltd.,2013.0,2014.0,2015.0,2016.0,2017.0,2018.0,2019.0,2020,2021,2022
Weizmann Ltd.,2013.0,2014.0,2015.0,2016.0,2017.0,2018.0,2019.0,2020,2021,2022
Welspun Corp Ltd.,2013.0,2014.0,2015.0,2016.0,2017.0,2018.0,2019.0,2020,2021,2022
Welspun Enterprises Ltd.,2013.0,2014.0,2015.0,2016.0,2017.0,2018.0,2019.0,2020,2021,2022
Welspun India Ltd.,2013.0,2014.0,2015.0,2016.0,2017.0,2018.0,2019.0,2020,2021,2022
Wendt (India) Ltd.,2013.0,2014.0,2015.0,2016.0,2017.0,2018.0,2019.0,2020,2021,2022
West Coast Paper Mills Ltd.,2013.0,2014.0,2015.0,2016.0,2017.0,2018.0,2019.0,2020,2021,2022
Wheels India Ltd.,2013.0,2014.0,2015.0,2016.0,2017.0,2018.0,2019.0,2020,2021,2022
Whirlpool Of India Ltd.,2013.0,2014.0,2015.0,2016.0,2017.0,2018.0,2019.0,2020,2021,2022
Wipro Ltd.,2013.0,2014.0,2015.0,2016.0,2017.0,2018.0,2019.0,2020,2021,2022
Wonderla Holidays Ltd.,2013.0,2014.0,2015.0,2016.0,2017.0,2018.0,2019.0,2020,2021,2022
Worth Peripherals Ltd.,2013.0,2014.0,2015.0,2016.0,2017.0,2018.0,2019.0,2020,2021,2022
Xchanging Solutions Ltd.,2012.0,2013.0,2014.0,2015.0,2017.0,2018.0,2019.0,2020,2021,2022
Xpro India Ltd.,2013.0,2014.0,2015.0,2016.0,2017.0,2018.0,2019.0,2020,2021,2022
Yes Bank Ltd.,2013.0,2014.0,2015.0,2016.0,2017.0,2018.0,2019.0,2020,2021,2022
Z F Commercial Vehicle Control Systems India Ltd.,2013.0,2014.0,2015.0,2016.0,2017.0,2018.0,2019.0,2020,2021,2022
Zee Entertainment Enterprises Ltd.,2013.0,2014.0,2015.0,2016.0,2017.0,2018.0,2019.0,2020,2021,2022
Zee Learn Ltd.,2013.0,2014.0,2015.0,2016.0,2017.0,2018.0,2019.0,2020,2021,2022
Zen Technologies Ltd.,2013.0,2014.0,2015.0,2016.0,2017.0,2018.0,2019.0,2020,2021,2022
Zenith Exports Ltd.,2013.0,2014.0,2015.0,2016.0,2017.0,2018.0,2019.0,2020,2021,2022
Zensar Technologies Ltd.,2013.0,2014.0,2015.0,2016.0,2017.0,2018.0,2019.0,2020,2021,2022
Zota Health Care Ltd.,2013.0,2014.0,2015.0,2016.0,2017.0,2018.0,2019.0,2020,2021,2022
Zydus Lifesciences Ltd.,2013.0,2014.0,2015.0,2016.0,2017.0,2018.0,2019.0,2020,2021,2022
Zydus Wellness Ltd.,2013.0,2014.0,2015.0,2016.0,2017.0,2018.0,2019.0,2020,2021,2022
